Hashtag,User_ID,Count,
,,,38
#SaferRoadsSaferYou,7.72988E+17,1,
,,,
#SaferRoadsSaferYou,305476991,1,
,,,
#SaferRoadsSaferYou,106069949,1,
,,,
#SaferRoadsSaferYou,7.33685E+17,2,
,,,
#SaferRoadsSaferYou,8.55429E+17,2,
,,,
#SaferRoadsSaferYou,7.02416E+17,1,
,,,
#SaferRoadsSaferYou,8.44412E+17,2,
,,,
#SaferRoadsSaferYou,1405200834,1,
,,,
#SaferRoadsSaferYou,2193429561,1,
,,,
#SaferRoadsSaferYou,4108665700,4,
,,,
#SaferRoadsSaferYou,7.43867E+17,1,
,,,
#SaferRoadsSaferYou,3266295733,1,
,,,
#SaferRoadsSaferYou,339573735,1,
,,,
#SaferRoadsSaferYou,4277237534,9,
,,,
#SaferRoadsSaferYou,4737001842,1,
,,,
#SaferRoadsSaferYou,381483903,1,
,,,
#SaferRoadsSaferYou,9.05058E+17,1,
,,,
#SaferRoadsSaferYou,2840568130,1,
,,,
#SaferRoadsSaferYou,8.93149E+17,1,
,,,
#SaferRoadsSaferYou,3260814728,1,
,,,
#SaferRoadsSaferYou,216307641,1,
,,,
#SaferRoadsSaferYou,278862810,1,
,,,
#SaferRoadsSaferYou,9.54015E+17,1,
,,,
#SaferRoadsSaferYou,8.40619E+17,1,
,,,
#SaferRoadsSaferYou,1894115047,2,
,,,
#SaferRoadsSaferYou,79901139,1,
,,,
#SaferRoadsSaferYou,4762711754,2,
,,,
#SaferRoadsSaferYou,16646268,1,
,,,
#SaferRoadsSaferYou,4030371792,1,
,,,
#SaferRoadsSaferYou,9.70892E+17,1,
,,,
#SaferRoadsSaferYou,16852344,5,
,,,
#SaferRoadsSaferYou,9.5276E+17,1,
,,,
#SaferRoadsSaferYou,9.50674E+17,2,
,,,
#SaferRoadsSaferYou,963604754,1,
,,,
#SaferRoadsSaferYou,9.775E+17,1,
,,,
#SaferRoadsSaferYou,1256806752,1,
,,,
#SaferRoadsSaferYou,128840286,1,
,,,
#SaferRoadsSaferYou,113546039,1,
,,,
#SaferRoadsSaferYou,2467725270,1,
,,,
#SaferRoadsSaferYou,9.76393E+17,2,
,,,
#SaferRoadsSaferYou,223807107,1,
,,,
#SaferRoadsSaferYou,499218805,1,
,,,
#SaferRoadsSaferYou,167687521,1,
,,,
#SaferRoadsSaferYou,9.73524E+17,1,
,,,
#SaferRoadsSaferYou,9.60002E+17,1,
,,,
#SaferRoadsSaferYou,210057853,3,
,,,
#SaferRoadsSaferYou,1211477438,1,
,,,
#SaferRoadsSaferYou,8.11158E+17,1,
,,,
#SaferRoadsSaferYou,135416822,1,
,,,
#SaferRoadsSaferYou,3277243339,1,
,,,
#SaferRoadsSaferYou,548497993,1,
,,,
#SaferRoadsSaferYou,9.40587E+17,1,
,,,
#SaferRoadsSaferYou,508736375,1,
,,,
#SaferRoadsSaferYou,522872786,1,
,,,
#SaferRoadsSaferYou,8.80407E+17,1,
,,,
#SaferRoadsSaferYou,9.54316E+17,1,
,,,
#SaferRoadsSaferYou,164969324,1,
,,,
#SaferRoadsSaferYou,9.35097E+17,1,
,,,
#SaferRoadsSaferYou,368327083,1,
,,,
#SaferRoadsSaferYou,1088338213,1,
,,,
#SaferRoadsSaferYou,3277127168,1,
,,,
#SaferRoadsSaferYou,366379084,1,
,,,
#SaferRoadsSaferYou,4043022793,1,
,,,
#SaferRoadsSaferYou,7.73128E+17,1,
,,,
#SaferRoadsSaferYou,7.15447E+17,1,
,,,
#SaferRoadsSaferYou,3052149560,1,
,,,
#SaferRoadsSaferYou,9.64464E+17,1,
,,,
#SaferRoadsSaferYou,147669379,1,
,,,
#SaferRoadsSaferYou,2232319147,2,
,,,
#SaferRoadsSaferYou,2575302427,1,
,,,
#SaferRoadsSaferYou,590903802,1,
,,,
#SaferRoadsSaferYou,8.27499E+17,2,
,,,
#SaferRoadsSaferYou,1278232814,1,
,,,
#SaferRoadsSaferYou,310837683,1,
,,,
#SaferRoadsSaferYou,141527521,1,
,,,
#SaferRoadsSaferYou,7.40527E+17,1,
,,,
#SaferRoadsSaferYou,541409402,1,
,,,
#SaferRoadsSaferYou,500531553,1,
,,,
#SaferRoadsSaferYou,1318406082,6,
,,,
#SaferRoadsSaferYou,455646677,1,
,,,
#SaferRoadsSaferYou,1573334629,1,
,,,
#SaferRoadsSaferYou,4646742318,1,
,,,
#SaferRoadsSaferYou,9.46691E+17,1,
,,,
#SaferRoadsSaferYou,7.07782E+17,2,
,,,
#SaferRoadsSaferYou,1068058076,1,
,,,
#SaferRoadsSaferYou,8.53231E+17,1,
,,,
#SaferRoadsSaferYou,9.60701E+17,1,
,,,
#SaferRoadsSaferYou,72411584,1,
,,,
#SaferRoadsSaferYou,551689231,1,
,,,
#SaferRoadsSaferYou,3025801828,1,
,,,
#SaferRoadsSaferYou,9.67006E+17,1,
,,,
#SaferRoadsSaferYou,9.11253E+17,1,
,,,
#SaferRoadsSaferYou,127858802,2,
,,,
#SaferRoadsSaferYou,372246317,13,
,,,
#SaferRoadsSaferYou,143778600,1,
,,,
#SaferRoadsSaferYou,68016157,1,
,,,
#SaferRoadsSaferYou,7.44582E+17,1,
,,,
#SaferRoadsSaferYou,30949312,1,
,,,
#SaferRoadsSaferYou,100275434,1,
,,,
#SaferRoadsSaferYou,9.24294E+17,1,
,,,
#SaferRoadsSaferYou,9.47178E+17,1,
,,,
#SaferRoadsSaferYou,286596976,1,
,,,
#SaferRoadsSaferYou,146869652,1,
,,,
#SaferRoadsSaferYou,9.02115E+17,2,
,,,
#SaferRoadsSaferYou,9.63799E+17,2,
,,,
#SaferRoadsSaferYou,8.2611E+17,1,
,,,
#SaferRoadsSaferYou,366146619,1,
,,,
#SaferRoadsSaferYou,8.35727E+17,3,
,,,
#SaferRoadsSaferYou,134393270,1,
,,,
#SaferRoadsSaferYou,9.73505E+17,1,
,,,
#SaferRoadsSaferYou,9.16516E+17,1,
,,,
#SaferRoadsSaferYou,3745265960,1,
,,,
#SaferRoadsSaferYou,9.55756E+17,2,
,,,
#SaferRoadsSaferYou,8.74936E+17,1,
,,,
#SaferRoadsSaferYou,113921497,1,
,,,
#SaferRoadsSaferYou,441989395,1,
,,,
#SaferRoadsSaferYou,9.73924E+17,1,
,,,
#SaferRoadsSaferYou,8.75934E+17,1,
,,,
#SaferRoadsSaferYou,4591327992,30,
,,,
#SaferRoadsSaferYou,2177299147,1,
,,,
#SaferRoadsSaferYou,2530146175,1,
,,,
#SaferRoadsSaferYou,8.8773E+17,1,
,,,
#SaferRoadsSaferYou,7.59985E+17,1,
,,,
#SaferRoadsSaferYou,7.2694E+17,1,
,,,
#SaferRoadsSaferYou,197343113,1,
,,,
#SaferRoadsSaferYou,7.84097E+17,1,
,,,
#SaferRoadsSaferYou,9.45598E+17,1,
,,,
#SaferRoadsSaferYou,8.34079E+17,1,
,,,
#SaferRoadsSaferYou,8.31734E+17,1,
,,,
#SaferRoadsSaferYou,9.19923E+17,1,
,,,
#SaferRoadsSaferYou,9.37226E+17,1,
,,,
#SaferRoadsSaferYou,9.50395E+17,2,
,,,
#SaferRoadsSaferYou,1663362680,1,
,,,
#SaferRoadsSaferYou,514758980,1,
,,,
#SaferRoadsSaferYou,9.15623E+17,3,
,,,
#SaferRoadsSaferYou,2841869372,1,
,,,
#SaferRoadsSaferYou,14255925,5,
,,,
#SaferRoadsSaferYou,91753402,1,
,,,
#SaferRoadsSaferYou,3269924419,2,
,,,
#SaferRoadsSaferYou,1706219190,1,
,,,
#SaferRoadsSaferYou,3289619438,1,
,,,
#SaferRoadsSaferYou,2693292655,1,
,,,
#SaferRoadsSaferYou,9.48175E+17,1,
,,,
#SaferRoadsSaferYou,8.74554E+17,3,
,,,
#SaferRoadsSaferYou,8.21697E+17,1,
,,,
#SaferRoadsSaferYou,9.16454E+17,1,
,,,
#SaferRoadsSaferYou,335921747,1,
,,,
#SaferRoadsSaferYou,86743824,1,
,,,
#SaferRoadsSaferYou,4515869478,12,
,,,
#SaferRoadsSaferYou,9.14806E+17,1,
,,,
#SaferRoadsSaferYou,9.65899E+17,1,
,,,
#SaferRoadsSaferYou,979889328,1,
,,,
#SaferRoadsSaferYou,1412931320,1,
,,,
#SaferRoadsSaferYou,196679330,1,
,,,
#SaferRoadsSaferYou,378442328,9,
,,,
#SaferRoadsSaferYou,153739657,1,
,,,
#SaferRoadsSaferYou,85842888,1,
,,,
#SaferRoadsSaferYou,2189817565,1,
,,,
#SaferRoadsSaferYou,3018681806,1,
,,,
#SaferRoadsSaferYou,4604667794,1,
,,,
#SaferRoadsSaferYou,8.3034E+17,2,
,,,
#SaferRoadsSaferYou,3298093651,1,
,,,
#SaferRoadsSaferYou,4671391058,1,
,,,
#SaferRoadsSaferYou,8.81729E+17,1,
,,,
#SaferRoadsSaferYou,1662033984,1,
,,,
#SaferRoadsSaferYou,1060050300,1,
,,,
#SaferRoadsSaferYou,9.70953E+17,2,
,,,
#SaferRoadsSaferYou,9.14012E+17,1,
,,,
#SaferRoadsSaferYou,9.3985E+17,1,
,,,
#SaferRoadsSaferYou,606709839,1,
,,,
#SaferRoadsSaferYou,9.72829E+17,1,
,,,
#SaferRoadsSaferYou,113704806,1,
,,,
#SaferRoadsSaferYou,167746902,1,
,,,
#SaferRoadsSaferYou,8.70179E+17,1,
,,,
#SaferRoadsSaferYou,9.41967E+17,1,
,,,
#SaferRoadsSaferYou,66498979,1,
,,,
#SaferRoadsSaferYou,4890970719,1,
,,,
#SaferRoadsSaferYou,2358115178,1,
,,,
#SaferRoadsSaferYou,9.11792E+17,1,
,,,
#SaferRoadsSaferYou,149415228,1,
,,,
#SaferRoadsSaferYou,7.91285E+17,1,
,,,
#SaferRoadsSaferYou,8.29766E+17,1,
,,,
#SaferRoadsSaferYou,7.07828E+17,1,
,,,
#SaferRoadsSaferYou,9.73128E+17,1,
,,,
#SaferRoadsSaferYou,2761947805,1,
,,,
#SaferRoadsSaferYou,124426397,1,
,,,
#SaferRoadsSaferYou,7.97761E+17,1,
,,,
#SaferRoadsSaferYou,615294679,1,
,,,
#SaferRoadsSaferYou,3186809372,1,
,,,
#SaferRoadsSaferYou,3018287190,1,
,,,
#SaferRoadsSaferYou,8.0213E+17,1,
,,,
#SaferRoadsSaferYou,89320985,1,
,,,
#SaferRoadsSaferYou,58410046,1,
,,,
#SaferRoadsSaferYou,1866665264,1,
,,,
#SaferRoadsSaferYou,3080134077,1,
,,,
#SaferRoadsSaferYou,9.45513E+17,1,
,,,
#SaferRoadsSaferYou,3272638440,1,
,,,
#SaferRoadsSaferYou,167065411,1,
,,,
#SaferRoadsSaferYou,8.12576E+17,1,
,,,
#SaferRoadsSaferYou,7.57862E+17,1,
,,,
#SaferRoadsSaferYou,9.66337E+17,1,
,,,
#SaferRoadsSaferYou,8.23936E+17,1,
,,,
#SaferRoadsSaferYou,9.77937E+17,1,
,,,
#SaferRoadsSaferYou,124252759,1,
,,,
#SaferRoadsSaferYou,9.07229E+17,1,
,,,
#SaferRoadsSaferYou,972320856,1,
,,,
#SaferRoadsSaferYou,9.25009E+17,1,
,,,
#SaferRoadsSaferYou,9.66659E+17,1,
,,,
#SaferRoadsSaferYou,4881475787,4,
,,,
#SaferRoadsSaferYou,4146665113,1,
,,,
#SaferRoadsSaferYou,2152684466,1,
,,,
#SaferRoadsSaferYou,3553954275,1,
,,,
#SaferRoadsSaferYou,3070097967,1,
,,,
#SaferRoadsSaferYou,7.2286E+17,1,
,,,
#SaferRoadsSaferYou,9.46641E+17,1,
,,,
#SaferRoadsSaferYou,9.60176E+17,2,
,,,
#SaferRoadsSaferYou,7.76007E+17,1,
,,,
#SaferRoadsSaferYou,7.05731E+17,1,
,,,
#SaferRoadsSaferYou,9.54222E+17,2,
,,,
#SaferRoadsSaferYou,8.73158E+17,1,
,,,
#SaferRoadsSaferYou,3579608354,1,
,,,
#SaferRoadsSaferYou,9.49138E+17,2,
,,,
#SaferRoadsSaferYou,8.40744E+17,1,
,,,
#SaferRoadsSaferYou,9.61431E+17,1,
,,,
#SaferRoadsSaferYou,25262695,1,
,,,
#SaferRoadsSaferYou,1672309262,1,
,,,
#SaferRoadsSaferYou,3328893734,1,
,,,
#SaferRoadsSaferYou,9.33971E+17,1,
,,,
#SaferRoadsSaferYou,3782424973,1,
,,,
#SaferRoadsSaferYou,265929773,1,
,,,
#SaferRoadsSaferYou,2492485686,1,
,,,
#SaferRoadsSaferYou,9.59166E+17,1,
,,,
#SaferRoadsSaferYou,9.59078E+17,1,
,,,
#SaferRoadsSaferYou,2526388322,1,
,,,
#SaferRoadsSaferYou,9.10038E+17,1,
,,,
#SaferRoadsSaferYou,451260531,1,
,,,
#SaferRoadsSaferYou,4440732914,1,
,,,
#SaferRoadsSaferYou,2772554473,1,
,,,
#SaferRoadsSaferYou,90131986,1,
,,,
#SaferRoadsSaferYou,141121963,1,
,,,
#SaferRoadsSaferYou,2696492472,1,
,,,
#SaferRoadsSaferYou,8.44616E+17,1,
,,,
#SaferRoadsSaferYou,157917544,1,
,,,
#SaferRoadsSaferYou,9.37568E+17,5,
,,,
#SaferRoadsSaferYou,7.97063E+17,1,
,,,
#SaferRoadsSaferYou,4864006331,1,
,,,
#SaferRoadsSaferYou,8.15151E+17,1,
,,,
#SaferRoadsSaferYou,9.40476E+17,5,
,,,
#SaferRoadsSaferYou,2594462670,1,
,,,
#SaferRoadsSaferYou,9.54603E+17,3,
,,,
#SaferRoadsSaferYou,429601885,1,
,,,
#SaferRoadsSaferYou,140384362,1,
,,,
#SaferRoadsSaferYou,9.6918E+17,1,
,,,
#SaferRoadsSaferYou,7.74349E+17,1,
,,,
#SaferRoadsSaferYou,2289550555,1,
,,,
#SaferRoadsSaferYou,217844430,1,
,,,
#SaferRoadsSaferYou,7.59112E+17,2,
,,,
#SaferRoadsSaferYou,4554147035,1,
,,,
#SaferRoadsSaferYou,1634755254,1,
,,,
#SaferRoadsSaferYou,9.72034E+17,6,
,,,
#SaferRoadsSaferYou,59197952,1,
,,,
#SaferRoadsSaferYou,9.76732E+17,1,
,,,
#SaferRoadsSaferYou,8.21275E+17,1,
,,,
#SaferRoadsSaferYou,97206668,1,
,,,
#SaferRoadsSaferYou,9.30653E+17,1,
,,,
#SaferRoadsSaferYou,8.90264E+17,1,
,,,
#SaferRoadsSaferYou,2437326998,2,
,,,
#SaferRoadsSaferYou,7.84478E+17,2,
,,,
#SaferRoadsSaferYou,3309334472,1,
,,,
#SaferRoadsSaferYou,2494353181,1,
,,,
#SaferRoadsSaferYou,2556332018,2,
,,,
#SaferRoadsSaferYou,3017132532,2,
,,,
#SaferRoadsSaferYou,70046965,1,
,,,
#SaferRoadsSaferYou,3959208074,1,
,,,
#SaferRoadsSaferYou,9.10931E+17,2,
,,,
#SaferRoadsSaferYou,9.74263E+17,1,
,,,
#SaferRoadsSaferYou,1350166801,1,
,,,
#SaferRoadsSaferYou,8.07633E+17,1,
,,,
#SaferRoadsSaferYou,75233270,2,
,,,
#SaferRoadsSaferYou,8.72702E+17,1,
,,,
#SaferRoadsSaferYou,77151251,1,
,,,
#SaferRoadsSaferYou,8.764E+17,1,
,,,
#SaferRoadsSaferYou,142312557,1,
,,,
#SaferRoadsSaferYou,75240465,1,
,,,
#SaferRoadsSaferYou,8.21791E+17,1,
,,,
#SaferRoadsSaferYou,385969373,1,
,,,
#SaferRoadsSaferYou,8.67368E+17,2,
,,,
#SaferRoadsSaferYou,2949354510,1,
,,,
#SaferRoadsSaferYou,100767297,1,
,,,
#SaferRoadsSaferYou,85517123,1,
,,,
#SaferRoadsSaferYou,7.22851E+17,1,
,,,
#SaferRoadsSaferYou,4807614318,2,
,,,
#SaferRoadsSaferYou,9.67302E+17,1,
,,,
#SaferRoadsSaferYou,148747719,3,
,,,
#SaferRoadsSaferYou,2338536048,1,
,,,
#SaferRoadsSaferYou,7.98456E+17,1,
,,,
#SaferRoadsSaferYou,448856528,1,
,,,
#SaferRoadsSaferYou,8.55474E+17,1,
,,,
#SaferRoadsSaferYou,4724053566,1,
,,,
#SaferRoadsSaferYou,9.0212E+17,2,
,,,
#SaferRoadsSaferYou,8.84454E+17,1,
,,,
#SaferRoadsSaferYou,8.64372E+17,1,
,,,
#SaferRoadsSaferYou,70912672,1,
,,,
#SaferRoadsSaferYou,9.42996E+17,1,
,,,
#SaferRoadsSaferYou,9.32289E+17,1,
,,,
#SaferRoadsSaferYou,7.28267E+17,1,
,,,
#SaferRoadsSaferYou,8.96553E+17,1,
,,,
#SaferRoadsSaferYou,1567606686,1,
,,,
#SaferRoadsSaferYou,3056425369,2,
,,,
#SaferRoadsSaferYou,3014294078,1,
,,,
#SaferRoadsSaferYou,3130253982,1,
,,,
#SaferRoadsSaferYou,8.78082E+17,1,
,,,
#SaferRoadsSaferYou,8.66229E+17,1,
,,,
#SaferRoadsSaferYou,7.24947E+17,1,
,,,
#SaferRoadsSaferYou,9.28436E+17,2,
,,,
#SaferRoadsSaferYou,7.99196E+17,2,
,,,
#SaferRoadsSaferYou,4808217818,2,
,,,
#SaferRoadsSaferYou,76033737,1,
,,,
#SaferRoadsSaferYou,119606706,1,
,,,
#SaferRoadsSaferYou,337624093,1,
,,,
#SaferRoadsSaferYou,9.67292E+17,2,
,,,
#SaferRoadsSaferYou,7.81687E+17,1,
,,,
#SaferRoadsSaferYou,9.08906E+17,1,
,,,
#SaferRoadsSaferYou,4496146170,1,
,,,
#SaferRoadsSaferYou,1914298339,1,
,,,
#SaferRoadsSaferYou,8.92249E+17,1,
,,,
#SaferRoadsSaferYou,8.2815E+17,1,
,,,
#SaferRoadsSaferYou,827281928,1,
,,,
#SaferRoadsSaferYou,101679866,2,
,,,
#SaferRoadsSaferYou,9.75377E+17,1,
,,,
#SaferRoadsSaferYou,2555802261,1,
,,,
#SaferRoadsSaferYou,71251611,1,
,,,
#SaferRoadsSaferYou,9.50018E+17,1,
,,,
#SaferRoadsSaferYou,230735437,9,
,,,
#SaferRoadsSaferYou,67279455,1,
,,,
#SaferRoadsSaferYou,9.16716E+17,1,
,,,
#SaferRoadsSaferYou,8.16532E+17,1,
,,,
#SaferRoadsSaferYou,66635105,1,
,,,
#SaferRoadsSaferYou,3318508662,1,
,,,
#SaferRoadsSaferYou,1281039050,1,
,,,
#SaferRoadsSaferYou,9.20526E+17,1,
,,,
#SaferRoadsSaferYou,9.70335E+17,1,
,,,
#SaferRoadsSaferYou,87883332,1,
,,,
#SaferRoadsSaferYou,7.11954E+17,1,
,,,
#SaferRoadsSaferYou,8.52178E+17,1,
,,,
#SaferRoadsSaferYou,8.78488E+17,2,
,,,
#SaferRoadsSaferYou,9.7418E+17,1,
,,,
#SaferRoadsSaferYou,9.36541E+17,1,
,,,
#SaferRoadsSaferYou,4866074871,1,
,,,
#SaferRoadsSaferYou,100503309,1,
,,,
#SaferRoadsSaferYou,1595131856,1,
,,,
#SaferRoadsSaferYou,1732148250,1,
,,,
#SaferRoadsSaferYou,1175676524,1,
,,,
#SaferRoadsSaferYou,271804127,1,
,,,
#SaferRoadsSaferYou,231894584,1,
,,,
#SaferRoadsSaferYou,8.90506E+17,1,
,,,
#SaferRoadsSaferYou,790905877,3,
,,,
#SaferRoadsSaferYou,9.24283E+17,1,
,,,
#SaferRoadsSaferYou,8.06182E+17,1,
,,,
#SaferRoadsSaferYou,4496744953,1,
,,,
#SaferRoadsSaferYou,8.0166E+17,1,
,,,
#SaferRoadsSaferYou,2296549249,2,
,,,
#SaferRoadsSaferYou,9.40263E+17,1,
,,,
#SaferRoadsSaferYou,2486306867,1,
,,,
#SaferRoadsSaferYou,1715216688,2,
,,,
#SaferRoadsSaferYou,69305566,2,
,,,
#SaferRoadsSaferYou,2983633309,2,
,,,
#SaferRoadsSaferYou,428432932,1,
,,,
#SaferRoadsSaferYou,100523254,1,
,,,
#SaferRoadsSaferYou,9.1262E+17,1,
,,,
#SaferRoadsSaferYou,85105071,1,
,,,
#SaferRoadsSaferYou,9.42074E+17,1,
,,,
#SaferRoadsSaferYou,7.08944E+17,1,
,,,
#SaferRoadsSaferYou,378497286,1,
,,,
#SaferRoadsSaferYou,9.59709E+17,1,
,,,
#SaferRoadsSaferYou,4187671452,2,
,,,
#SaferRoadsSaferYou,181492466,1,
,,,
#SaferRoadsSaferYou,18113417,1,
,,,
#SaferRoadsSaferYou,95793966,1,
,,,
#SaferRoadsSaferYou,555227531,1,
,,,
#SaferRoadsSaferYou,9.40508E+17,1,
,,,
#SaferRoadsSaferYou,3098228941,1,
,,,
#SaferRoadsSaferYou,9.75359E+17,1,
,,,
#SaferRoadsSaferYou,315763813,1,
,,,
#SaferRoadsSaferYou,800724559,1,
,,,
#SaferRoadsSaferYou,7.4981E+17,1,
,,,
#SaferRoadsSaferYou,8.5256E+17,1,
,,,
#SaferRoadsSaferYou,8.89523E+17,1,
,,,
#SaferRoadsSaferYou,2292098688,2,
,,,
#SaferRoadsSaferYou,335162186,2,
,,,
#SaferRoadsSaferYou,9.06803E+17,2,
,,,
#SaferRoadsSaferYou,68940727,1,
,,,
#SaferRoadsSaferYou,199206469,1,
,,,
#SaferRoadsSaferYou,374003256,1,
,,,
#SaferRoadsSaferYou,8.54715E+17,1,
,,,
#SaferRoadsSaferYou,172265960,2,
,,,
#SaferRoadsSaferYou,3168693270,2,
,,,
#SaferRoadsSaferYou,4909504274,2,
,,,
#SaferRoadsSaferYou,9.75755E+17,1,
,,,
#SaferRoadsSaferYou,9.78501E+17,2,
,,,
#SaferRoadsSaferYou,461815540,2,
,,,
#SaferRoadsSaferYou,4558850314,1,
,,,
#SaferRoadsSaferYou,8.33655E+17,2,
,,,
#SaferRoadsSaferYou,8.96682E+17,1,
,,,
#SaferRoadsSaferYou,9.15836E+17,1,
,,,
#SaferRoadsSaferYou,8.8863E+17,1,
,,,
#SaferRoadsSaferYou,35175477,1,
,,,
#SaferRoadsSaferYou,9.50014E+17,1,
,,,
#SaferRoadsSaferYou,8.30498E+17,1,
,,,
#SaferRoadsSaferYou,788734602,1,
,,,
#SaferRoadsSaferYou,61673391,1,
,,,
#SaferRoadsSaferYou,9.22414E+17,2,
,,,
#SaferRoadsSaferYou,9.37665E+17,1,
,,,
#SaferRoadsSaferYou,8.33485E+17,1,
,,,
#SaferRoadsSaferYou,1166796534,1,
,,,
#SaferRoadsSaferYou,9.64324E+17,1,
,,,
#SaferRoadsSaferYou,9.04857E+17,1,
,,,
#SaferRoadsSaferYou,4893052278,2,
,,,
#SaferRoadsSaferYou,72294710,1,
,,,
#SaferRoadsSaferYou,9.438E+17,1,
,,,
#SaferRoadsSaferYou,8.58218E+17,1,
,,,
#SaferRoadsSaferYou,8.75917E+17,1,
,,,
#SaferRoadsSaferYou,332122421,1,
,,,
#SaferRoadsSaferYou,2951659531,1,
,,,
#SaferRoadsSaferYou,35343837,1,
,,,
#SaferRoadsSaferYou,2534074718,2,
,,,
#SaferRoadsSaferYou,405757935,1,
,,,
#SaferRoadsSaferYou,2269372662,1,
,,,
#SaferRoadsSaferYou,2269368878,1,
,,,
#SaferRoadsSaferYou,220444369,2,
,,,
#SaferRoadsSaferYou,2494342331,1,
,,,
#SaferRoadsSaferYou,1276032264,1,
,,,
#SaferRoadsSaferYou,137364924,1,
,,,
#SaferRoadsSaferYou,9.37254E+17,1,
,,,
#SaferRoadsSaferYou,3069921729,1,
,,,
#SaferRoadsSaferYou,4852047678,2,
,,,
#SaferRoadsSaferYou,1059796597,2,
,,,
#SaferRoadsSaferYou,9.42648E+17,2,
,,,
#SaferRoadsSaferYou,361787439,1,
,,,
#SaferRoadsSaferYou,9.18853E+17,1,
,,,
#SaferRoadsSaferYou,196361263,1,
,,,
#SaferRoadsSaferYou,28068541,1,
,,,
#SaferRoadsSaferYou,2595978877,1,
,,,
#SaferRoadsSaferYou,16610807,1,
,,,
#SaferRoadsSaferYou,48654260,1,
,,,
#SaferRoadsSaferYou,4023302475,1,
,,,
#SaferRoadsSaferYou,9.43985E+17,1,
,,,
#SaferRoadsSaferYou,1534376803,1,
,,,
#SaferRoadsSaferYou,56682701,1,
,,,
#SaferRoadsSaferYou,3248502516,1,
,,,
#SaferRoadsSaferYou,8.90919E+17,1,
,,,
#SaferRoadsSaferYou,2374821720,2,
,,,
#SaferRoadsSaferYou,3226102249,1,
,,,
#SaferRoadsSaferYou,250795544,2,
,,,
#SaferRoadsSaferYou,9.50215E+17,1,
,,,
#SaferRoadsSaferYou,1669575368,1,
,,,
#SaferRoadsSaferYou,9.22075E+17,1,
,,,
#SaferRoadsSaferYou,146343501,1,
,,,
#SaferRoadsSaferYou,115698923,1,
,,,
#SaferRoadsSaferYou,54515435,1,
,,,
#SaferRoadsSaferYou,8.2824E+17,1,
,,,
#SaferRoadsSaferYou,1581046483,1,
,,,
#SaferRoadsSaferYou,269256017,2,
,,,
#SaferRoadsSaferYou,7.73589E+17,1,
,,,
#SaferRoadsSaferYou,9.72053E+17,1,
,,,
#SaferRoadsSaferYou,8.4011E+17,1,
,,,
#SaferRoadsSaferYou,8.98571E+17,1,
,,,
#SaferRoadsSaferYou,737889402,1,
,,,
#SaferRoadsSaferYou,3682416734,1,
,,,
#SaferRoadsSaferYou,7.83493E+17,1,
,,,
#SaferRoadsSaferYou,9.67055E+17,1,
,,,
#SaferRoadsSaferYou,7.58366E+17,2,
,,,
#SaferRoadsSaferYou,1700773290,2,
,,,
#SaferRoadsSaferYou,147090389,2,
,,,
#SaferRoadsSaferYou,8.53237E+17,1,
,,,
#SaferRoadsSaferYou,8.28879E+17,1,
,,,
#SaferRoadsSaferYou,45495217,1,
,,,
#SaferRoadsSaferYou,8.52594E+17,1,
,,,
#SaferRoadsSaferYou,765136075,1,
,,,
#SaferRoadsSaferYou,9.79425E+17,1,
,,,
#SaferRoadsSaferYou,3315896401,1,
,,,
#SaferRoadsSaferYou,257629171,1,
,,,
#SaferRoadsSaferYou,7.40913E+17,2,
,,,
#SaferRoadsSaferYou,9.41216E+17,1,
,,,
#SaferRoadsSaferYou,8.49911E+17,1,
,,,
#SaferRoadsSaferYou,9.58256E+17,2,
,,,
#SaferRoadsSaferYou,8.34941E+17,1,
,,,
#SaferRoadsSaferYou,2364050438,1,
,,,
#SaferRoadsSaferYou,8.64484E+17,1,
,,,
#SaferRoadsSaferYou,2712170030,1,
,,,
#SaferRoadsSaferYou,3220923038,1,
,,,
#SaferRoadsSaferYou,302759199,1,
,,,
#SaferRoadsSaferYou,375568803,1,
,,,
#SaferRoadsSaferYou,3061354196,1,
,,,
#SaferRoadsSaferYou,2613382860,1,
,,,
#SaferRoadsSaferYou,369560707,1,
,,,
#SaferRoadsSaferYou,259677311,1,
,,,
#SaferRoadsSaferYou,2371245066,1,
,,,
#SaferRoadsSaferYou,7.02803E+17,1,
,,,
#SaferRoadsSaferYou,8.20141E+17,1,
,,,
#SaferRoadsSaferYou,7.03683E+17,1,
,,,
#SaferRoadsSaferYou,453238941,1,
,,,
#SaferRoadsSaferYou,2313830160,1,
,,,
#SaferRoadsSaferYou,7.97134E+17,1,
,,,
#SaferRoadsSaferYou,538403283,1,
,,,
#SaferRoadsSaferYou,307360183,1,
,,,
#SaferRoadsSaferYou,22311099,1,
,,,
#SaferRoadsSaferYou,9.07842E+17,1,
,,,
#SaferRoadsSaferYou,3735716734,1,
,,,
#SaferRoadsSaferYou,9.09401E+17,1,
,,,
#SaferRoadsSaferYou,2734246326,2,
,,,
#SaferRoadsSaferYou,8.78282E+17,1,
,,,
#SaferRoadsSaferYou,9.74371E+17,1,
,,,
#SaferRoadsSaferYou,9.76782E+17,1,
,,,
#SaferRoadsSaferYou,9.05658E+17,1,
,,,
#SaferRoadsSaferYou,9.75743E+17,1,
,,,
#SaferRoadsSaferYou,262186328,1,
,,,
#SaferRoadsSaferYou,7.28258E+17,2,
,,,
#SaferRoadsSaferYou,8.89408E+17,1,
,,,
#SaferRoadsSaferYou,9.63091E+17,1,
,,,
#SaferRoadsSaferYou,2332063614,1,
,,,
#SaferRoadsSaferYou,8.54308E+17,1,
,,,
#SaferRoadsSaferYou,233756520,1,
,,,
#SaferRoadsSaferYou,8.48992E+17,1,
,,,
#SaferRoadsSaferYou,8.11635E+17,1,
,,,
#SaferRoadsSaferYou,9.25391E+17,1,
,,,
#SaferRoadsSaferYou,9.14932E+17,1,
,,,
#SaferRoadsSaferYou,8.57444E+17,4,
,,,
#SaferRoadsSaferYou,1137740785,1,
,,,
#SaferRoadsSaferYou,9.4482E+17,1,
,,,
#SaferRoadsSaferYou,283093391,3,
,,,
#SaferRoadsSaferYou,1164686497,1,
,,,
#SaferRoadsSaferYou,477323176,1,
,,,
#SaferRoadsSaferYou,1420190911,1,
,,,
#SaferRoadsSaferYou,74289718,1,
,,,
#SaferRoadsSaferYou,8.11495E+17,1,
,,,
#SaferRoadsSaferYou,8.38246E+17,1,
,,,
#SaferRoadsSaferYou,4824071146,1,
,,,
#SaferRoadsSaferYou,7.82839E+17,2,
,,,
#SaferRoadsSaferYou,7.72827E+17,1,
,,,
#SaferRoadsSaferYou,1657743816,1,
,,,
#SaferRoadsSaferYou,3296721918,1,
,,,
#SaferRoadsSaferYou,618222653,2,
,,,
#SaferRoadsSaferYou,8.12347E+17,1,
,,,
#SaferRoadsSaferYou,8.47507E+17,1,
,,,
#SaferRoadsSaferYou,9.75212E+17,1,
,,,
#SaferRoadsSaferYou,9.23013E+17,1,
,,,
#SaferRoadsSaferYou,2353568461,1,
,,,
#SaferRoadsSaferYou,9.71254E+17,1,
,,,
#SaferRoadsSaferYou,64136981,2,
,,,
#SaferRoadsSaferYou,7.76725E+17,1,
,,,
#SaferRoadsSaferYou,9.52228E+17,1,
,,,
#SaferRoadsSaferYou,7.59297E+17,1,
,,,
#SaferRoadsSaferYou,2469384372,1,
,,,
#SaferRoadsSaferYou,916584403,1,
,,,
#SaferRoadsSaferYou,8.86626E+17,1,
,,,
#SaferRoadsSaferYou,3163668282,1,
,,,
#SaferRoadsSaferYou,7.47312E+17,2,
,,,
#SaferRoadsSaferYou,8.91308E+17,1,
,,,
#SaferRoadsSaferYou,9.74069E+17,1,
,,,
#SaferRoadsSaferYou,3054477272,1,
,,,
#SaferRoadsSaferYou,4343787493,1,
,,,
#SaferRoadsSaferYou,8.97065E+17,2,
,,,
#SaferRoadsSaferYou,9.76707E+17,1,
,,,
#SaferRoadsSaferYou,7.24519E+17,1,
,,,
#SaferRoadsSaferYou,8.88259E+17,1,
,,,
#SaferRoadsSaferYou,7.85805E+17,4,
,,,
#SaferRoadsSaferYou,8.07506E+17,1,
,,,
#SaferRoadsSaferYou,3128770762,1,
,,,
#SaferRoadsSaferYou,9.40141E+17,1,
,,,
#SaferRoadsSaferYou,289271595,1,
,,,
#SaferRoadsSaferYou,110400569,1,
,,,
#SaferRoadsSaferYou,57237862,1,
,,,
#SaferRoadsSaferYou,9.23442E+17,1,
,,,
#SaferRoadsSaferYou,9.77877E+17,2,
,,,
#SaferRoadsSaferYou,154099678,2,
,,,
#SaferRoadsSaferYou,8.94999E+17,3,
,,,
#SaferRoadsSaferYou,7.66575E+17,3,
,,,
#SaferRoadsSaferYou,358127710,1,
,,,
#SaferRoadsSaferYou,8.16536E+17,1,
,,,
#SaferRoadsSaferYou,9.38704E+17,1,
,,,
#SaferRoadsSaferYou,8.36524E+17,1,
,,,
#SaferRoadsSaferYou,9.74908E+17,2,
,,,
#SaferRoadsSaferYou,516096034,4,
,,,
#SaferRoadsSaferYou,9.11824E+17,1,
,,,
#SaferRoadsSaferYou,9.4031E+17,1,
,,,
#SaferRoadsSaferYou,9.4134E+17,1,
,,,
#SaferRoadsSaferYou,4812052208,1,
,,,
#SaferRoadsSaferYou,9.72168E+17,1,
,,,
#SaferRoadsSaferYou,543276079,10,
,,,
#SaferRoadsSaferYou,8.37603E+17,1,
,,,
#SaferRoadsSaferYou,9.23048E+17,2,
,,,
#SaferRoadsSaferYou,1121550775,1,
,,,
#SaferRoadsSaferYou,9.3765E+17,1,
,,,
#SaferRoadsSaferYou,218403614,1,
,,,
#SaferRoadsSaferYou,2252160715,1,
,,,
#SaferRoadsSaferYou,2527142594,1,
,,,
#SaferRoadsSaferYou,9.78566E+17,4,
,,,
#SaferRoadsSaferYou,9.5479E+17,1,
,,,
#SaferRoadsSaferYou,98755899,1,
,,,
#SaferRoadsSaferYou,356662923,1,
,,,
#SaferRoadsSaferYou,8.91121E+17,1,
,,,
#SaferRoadsSaferYou,76300795,2,
,,,
#SaferRoadsSaferYou,401965996,1,
,,,
#SaferRoadsSaferYou,2461945966,1,
,,,
#SaferRoadsSaferYou,432565038,1,
,,,
#SaferRoadsSaferYou,76590480,1,
,,,
#SaferRoadsSaferYou,4926065478,1,
,,,
#SaferRoadsSaferYou,8.30597E+17,1,
,,,
#SaferRoadsSaferYou,2536955791,1,
,,,
#SaferRoadsSaferYou,9.45988E+17,1,
,,,
#SaferRoadsSaferYou,2719570674,1,
,,,
#SaferRoadsSaferYou,8.22223E+17,1,
,,,
#SaferRoadsSaferYou,7.34484E+17,1,
,,,
#SaferRoadsSaferYou,2150214601,1,
,,,
#SaferRoadsSaferYou,8.69359E+17,1,
,,,
#SaferRoadsSaferYou,7.23843E+17,1,
,,,
#SaferRoadsSaferYou,7.17401E+17,3,
,,,
#SaferRoadsSaferYou,8.9189E+17,1,
,,,
#SaferRoadsSaferYou,2977480453,1,
,,,
#SaferRoadsSaferYou,9.28524E+17,1,
,,,
#SaferRoadsSaferYou,9.51056E+17,2,
,,,
#SaferRoadsSaferYou,773715270,1,
,,,
#SaferRoadsSaferYou,238836902,1,
,,,
#SaferRoadsSaferYou,9.19234E+17,1,
,,,
#SaferRoadsSaferYou,2194028628,1,
,,,
#SaferRoadsSaferYou,9.7088E+17,1,
,,,
#SaferRoadsSaferYou,151333769,1,
,,,
#SaferRoadsSaferYou,2574642648,1,
,,,
#SaferRoadsSaferYou,4622838794,1,
,,,
#SaferRoadsSaferYou,9.66233E+17,1,
,,,
#SaferRoadsSaferYou,8.78908E+17,1,
,,,
#SaferRoadsSaferYou,9.2342E+17,1,
,,,
#SaferRoadsSaferYou,8.10467E+17,2,
,,,
#SaferRoadsSaferYou,9.76742E+17,2,
,,,
#SaferRoadsSaferYou,777499286,1,
,,,
#SaferRoadsSaferYou,8.80405E+17,1,
,,,
#SaferRoadsSaferYou,7.03888E+17,1,
,,,
#SaferRoadsSaferYou,7.51381E+17,1,
,,,
#SaferRoadsSaferYou,2615446442,1,
,,,
#SaferRoadsSaferYou,4696244696,1,
,,,
#SaferRoadsSaferYou,285481495,1,
,,,
#SaferRoadsSaferYou,9.40803E+17,1,
,,,
#SaferRoadsSaferYou,8.87571E+17,1,
,,,
#SaferRoadsSaferYou,9.52422E+17,1,
,,,
#SaferRoadsSaferYou,9.30811E+17,1,
,,,
#SaferRoadsSaferYou,8.66299E+17,3,
,,,
#SaferRoadsSaferYou,7.44747E+17,1,
,,,
#SaferRoadsSaferYou,8.25215E+17,2,
,,,
#SaferRoadsSaferYou,85820330,1,
,,,
#SaferRoadsSaferYou,9.7288E+17,2,
,,,
#SaferRoadsSaferYou,349120101,1,
,,,
#SaferRoadsSaferYou,7.82091E+17,1,
,,,
#SaferRoadsSaferYou,9.41177E+17,1,
,,,
#SaferRoadsSaferYou,157656793,1,
,,,
#SaferRoadsSaferYou,8.95993E+17,1,
,,,
#SaferRoadsSaferYou,2232163151,2,
,,,
#SaferRoadsSaferYou,9.22749E+17,3,
,,,
#SaferRoadsSaferYou,9.43692E+17,1,
,,,
#SaferRoadsSaferYou,9.63664E+17,2,
,,,
#SaferRoadsSaferYou,9.52571E+17,1,
,,,
#SaferRoadsSaferYou,8.89706E+17,1,
,,,
#SaferRoadsSaferYou,8.97902E+17,1,
,,,
#SaferRoadsSaferYou,7.81408E+17,3,
,,,
#SaferRoadsSaferYou,1285439862,1,
,,,
#SaferRoadsSaferYou,7.77775E+17,1,
,,,
#SaferRoadsSaferYou,823470972,2,
,,,
#SaferRoadsSaferYou,256902018,1,
,,,
#SaferRoadsSaferYou,8.59251E+17,1,
,,,
#SaferRoadsSaferYou,9.39766E+17,1,
,,,
#SaferRoadsSaferYou,7.38185E+17,1,
,,,
#SaferRoadsSaferYou,9.33254E+17,6,
,,,
#SaferRoadsSaferYou,9.72369E+17,2,
,,,
#SaferRoadsSaferYou,2766186766,1,
,,,
#SaferRoadsSaferYou,181959405,1,
,,,
#SaferRoadsSaferYou,2668426477,1,
,,,
#SaferRoadsSaferYou,7.65117E+17,1,
,,,
#SaferRoadsSaferYou,9.54276E+17,2,
,,,
#SaferRoadsSaferYou,111247157,1,
,,,
#SaferRoadsSaferYou,7.01317E+17,4,
,,,
#SaferRoadsSaferYou,7.73007E+17,3,
,,,
#SaferRoadsSaferYou,8.61939E+17,1,
,,,
#SaferRoadsSaferYou,236830995,1,
,,,
#SaferRoadsSaferYou,7.79962E+17,2,
,,,
#SaferRoadsSaferYou,9.45546E+17,2,
,,,
#SaferRoadsSaferYou,9.50361E+17,1,
,,,
#SaferRoadsSaferYou,9.0692E+17,2,
,,,
#SaferRoadsSaferYou,9.5241E+17,1,
,,,
#SaferRoadsSaferYou,758901290,1,
,,,
#SaferRoadsSaferYou,448153647,1,
,,,
#SaferRoadsSaferYou,4813214296,1,
,,,
#SaferRoadsSaferYou,3286380114,1,
,,,
#SaferRoadsSaferYou,8.77393E+17,1,
,,,
#SaferRoadsSaferYou,8.00277E+17,1,
,,,
#SaferRoadsSaferYou,9.53212E+17,1,
,,,
#SaferRoadsSaferYou,4676564298,1,
,,,
#SaferRoadsSaferYou,163355857,1,
,,,
#SaferRoadsSaferYou,3517564098,3,
,,,
#SaferRoadsSaferYou,355491514,20,
,,,
#SaferRoadsSaferYou,2892136372,1,
,,,
#SaferRoadsSaferYou,9.06847E+17,1,
,,,
#SaferRoadsSaferYou,8.61182E+17,1,
,,,
#SaferRoadsSaferYou,7.91157E+17,6,
,,,
#SaferRoadsSaferYou,9.46088E+17,1,
,,,
#SaferRoadsSaferYou,52991106,16,
,,,
#SaferRoadsSaferYou,8.19578E+17,1,
,,,
#SaferRoadsSaferYou,9.70991E+17,1,
,,,
#SaferRoadsSaferYou,8.45949E+17,1,
,,,
#SaferRoadsSaferYou,9.72546E+17,1,
,,,
#SaferRoadsSaferYou,8.94201E+17,1,
,,,
#SaferRoadsSaferYou,101990582,1,
,,,
#SaferRoadsSaferYou,199418584,1,
,,,
#SaferRoadsSaferYou,9.58662E+17,1,
,,,
#SaferRoadsSaferYou,4461882200,1,
,,,
#SaferRoadsSaferYou,7.36822E+17,1,
,,,
#SaferRoadsSaferYou,2211081388,2,
,,,
#SaferRoadsSaferYou,4241488520,1,
,,,
#SaferRoadsSaferYou,590642542,1,
,,,
#SaferRoadsSaferYou,8.85749E+17,2,
,,,
#SaferRoadsSaferYou,9.57565E+17,1,
,,,
#SaferRoadsSaferYou,8.67772E+17,1,
,,,
#SaferRoadsSaferYou,4673174438,1,
,,,
#SaferRoadsSaferYou,9.0314E+17,1,
,,,
#SaferRoadsSaferYou,2360618461,2,
,,,
#SaferRoadsSaferYou,7.84093E+17,2,
,,,
#SaferRoadsSaferYou,198552289,2,
,,,
#SaferRoadsSaferYou,2359328575,1,
,,,
#SaferRoadsSaferYou,9.74129E+17,1,
,,,
#SaferRoadsSaferYou,9.61447E+17,1,
,,,
#SaferRoadsSaferYou,8.5605E+17,2,
,,,
#SaferRoadsSaferYou,7.9826E+17,1,
,,,
#SaferRoadsSaferYou,167357240,2,
,,,
#SaferRoadsSaferYou,979850508,3,
,,,
#SaferRoadsSaferYou,2859953994,1,
,,,
#SaferRoadsSaferYou,8.50734E+17,1,
,,,
#SaferRoadsSaferYou,9.0761E+17,1,
,,,
#SaferRoadsSaferYou,8.68388E+17,1,
,,,
#SaferRoadsSaferYou,4430948308,1,
,,,
#SaferRoadsSaferYou,8.69944E+17,2,
,,,
#SaferRoadsSaferYou,7.81004E+17,1,
,,,
#SaferRoadsSaferYou,8.57257E+17,1,
,,,
#SaferRoadsSaferYou,45120876,1,
,,,
#SaferRoadsSaferYou,2924403823,1,
,,,
#SaferRoadsSaferYou,2818094476,1,
,,,
#SaferRoadsSaferYou,4891502832,1,
,,,
#SaferRoadsSaferYou,185986609,1,
,,,
#SaferRoadsSaferYou,799692104,2,
,,,
#SaferRoadsSaferYou,8.01377E+17,2,
,,,
#SaferRoadsSaferYou,2168939388,1,
,,,
#SaferRoadsSaferYou,1650898507,1,
,,,
#SaferRoadsSaferYou,1587731324,1,
,,,
#SaferRoadsSaferYou,4328489794,3,
,,,
#SaferRoadsSaferYou,9.05852E+17,1,
,,,
#SaferRoadsSaferYou,9.64304E+17,1,
,,,
#SaferRoadsSaferYou,2925434551,1,
,,,
#SaferRoadsSaferYou,7.86807E+17,1,
,,,
#SaferRoadsSaferYou,140742095,1,
,,,
#SaferRoadsSaferYou,7.44109E+17,1,
,,,
#SaferRoadsSaferYou,7.86738E+17,1,
,,,
#SaferRoadsSaferYou,9.79317E+17,2,
,,,
#SaferRoadsSaferYou,9.52775E+17,1,
,,,
#SaferRoadsSaferYou,9.40804E+17,1,
,,,
#SaferRoadsSaferYou,9.34071E+17,3,
,,,
#SaferRoadsSaferYou,9.50275E+17,1,
,,,
#SaferRoadsSaferYou,8.19596E+17,1,
,,,
#SaferRoadsSaferYou,2464271844,1,
,,,
#SaferRoadsSaferYou,613613048,1,
,,,
#SaferRoadsSaferYou,9.31165E+17,1,
,,,
#SaferRoadsSaferYou,730252188,1,
,,,
#SaferRoadsSaferYou,8.84641E+17,2,
,,,
#SaferRoadsSaferYou,631891239,1,
,,,
#SaferRoadsSaferYou,7.43672E+17,1,
,,,
#SaferRoadsSaferYou,8.84095E+17,1,
,,,
#SaferRoadsSaferYou,323894022,1,
,,,
#SaferRoadsSaferYou,2940384330,1,
,,,
#SaferRoadsSaferYou,9.71737E+17,1,
,,,
#SaferRoadsSaferYou,9.13834E+17,3,
,,,
#SaferRoadsSaferYou,9.51002E+17,1,
,,,
#SaferRoadsSaferYou,9.5247E+17,1,
,,,
#SaferRoadsSaferYou,763922012,1,
,,,
#SaferRoadsSaferYou,9.08253E+17,1,
,,,
#SaferRoadsSaferYou,2597402324,1,
,,,
#SaferRoadsSaferYou,100972027,1,
,,,
#SaferRoadsSaferYou,2294274486,7,
,,,
#SaferRoadsSaferYou,9.79312E+17,1,
,,,
#SaferRoadsSaferYou,7.57162E+17,1,
,,,
#SaferRoadsSaferYou,3306739100,1,
,,,
#SaferRoadsSaferYou,9.67283E+17,1,
,,,
#SaferRoadsSaferYou,9.36854E+17,3,
,,,
#SaferRoadsSaferYou,259165393,1,
,,,
#SaferRoadsSaferYou,2908384134,1,
,,,
#SaferRoadsSaferYou,9.60097E+17,1,
,,,
#SaferRoadsSaferYou,2603674530,1,
,,,
#SaferRoadsSaferYou,9.6643E+17,2,
,,,
#SaferRoadsSaferYou,1407888858,1,
,,,
#SaferRoadsSaferYou,560927596,1,
,,,
#SaferRoadsSaferYou,554601769,1,
,,,
#SaferRoadsSaferYou,3163397360,1,
,,,
#SaferRoadsSaferYou,9.68228E+17,1,
,,,
#SaferRoadsSaferYou,2766241899,1,
,,,
#SaferRoadsSaferYou,58242871,1,
,,,
#SaferRoadsSaferYou,9.77194E+17,1,
,,,
#SaferRoadsSaferYou,9.7876E+17,1,
,,,
#SaferRoadsSaferYou,3095349523,1,
,,,
#SaferRoadsSaferYou,7.59026E+17,1,
,,,
#SaferRoadsSaferYou,2219969635,1,
,,,
#SaferRoadsSaferYou,9.51757E+17,1,
,,,
#SaferRoadsSaferYou,4352208378,2,
,,,
#SaferRoadsSaferYou,9.2604E+17,2,
,,,
#SaferRoadsSaferYou,8.3048E+17,1,
,,,
#SaferRoadsSaferYou,9.72176E+17,1,
,,,
#SaferRoadsSaferYou,9.32183E+17,1,
,,,
#SaferRoadsSaferYou,8.27982E+17,1,
,,,
#SaferRoadsSaferYou,7.95927E+17,1,
,,,
#SaferRoadsSaferYou,8.55308E+17,1,
,,,
#SaferRoadsSaferYou,9.66497E+17,1,
,,,
#SaferRoadsSaferYou,8.44965E+17,3,
,,,
#SaferRoadsSaferYou,9.39825E+17,2,
,,,
#SaferRoadsSaferYou,2248655422,1,
,,,
#SaferRoadsSaferYou,9.56465E+17,3,
,,,
#SaferRoadsSaferYou,9.04004E+17,1,
,,,
#SaferRoadsSaferYou,7.64844E+17,1,
,,,
#SaferRoadsSaferYou,9.45631E+17,1,
,,,
#SaferRoadsSaferYou,8.88041E+17,1,
,,,
#SaferRoadsSaferYou,1641365773,1,
,,,
#SaferRoadsSaferYou,1919461718,2,
,,,
#SaferRoadsSaferYou,7.77358E+17,1,
,,,
#SaferRoadsSaferYou,830986316,1,
,,,
#SaferRoadsSaferYou,7.70651E+17,1,
,,,
#SaferRoadsSaferYou,8.08961E+17,1,
,,,
#SaferRoadsSaferYou,2318761236,1,
,,,
#SaferRoadsSaferYou,1073350850,1,
,,,
#SaferRoadsSaferYou,4448848119,1,
,,,
#SaferRoadsSaferYou,9.68156E+17,1,
,,,
#SaferRoadsSaferYou,8.42954E+17,1,
,,,
#SaferRoadsSaferYou,14547327,1,
,,,
#SaferRoadsSaferYou,2884752924,2,
,,,
#SaferRoadsSaferYou,1369794072,1,
,,,
#SaferRoadsSaferYou,1240632805,1,
,,,
#SaferRoadsSaferYou,886696273,1,
,,,
#SaferRoadsSaferYou,3309707920,1,
,,,
#SaferRoadsSaferYou,9.15926E+17,1,
,,,
#SaferRoadsSaferYou,4801666550,1,
,,,
#SaferRoadsSaferYou,9.50398E+17,4,
,,,
#SaferRoadsSaferYou,8.79983E+17,2,
,,,
#SaferRoadsSaferYou,2736779378,2,
,,,
#SaferRoadsSaferYou,278952221,1,
,,,
#SaferRoadsSaferYou,3094342519,1,
,,,
#SaferRoadsSaferYou,9.28578E+17,1,
,,,
#SaferRoadsSaferYou,8.7607E+17,1,
,,,
#SaferRoadsSaferYou,9.50375E+17,2,
,,,
#SaferRoadsSaferYou,9.52814E+17,3,
,,,
#SaferRoadsSaferYou,9.40166E+17,1,
,,,
#SaferRoadsSaferYou,271919768,1,
,,,
#SaferRoadsSaferYou,2166366121,1,
,,,
#SaferRoadsSaferYou,2471207504,2,
,,,
#SaferRoadsSaferYou,3017629752,1,
,,,
#SaferRoadsSaferYou,8.45511E+17,2,
,,,
#SaferRoadsSaferYou,9.18327E+17,1,
,,,
#SaferRoadsSaferYou,7.01668E+17,1,
,,,
#SaferRoadsSaferYou,9.56223E+17,1,
,,,
#SaferRoadsSaferYou,3988647973,1,
,,,
#SaferRoadsSaferYou,499703086,1,
,,,
#SaferRoadsSaferYou,7.17791E+17,1,
,,,
#SaferRoadsSaferYou,9.10196E+17,1,
,,,
#SaferRoadsSaferYou,8.88275E+17,1,
,,,
#SaferRoadsSaferYou,9.22768E+17,1,
,,,
#SaferRoadsSaferYou,3843463408,1,
,,,
#SaferRoadsSaferYou,2158110366,1,
,,,
#SaferRoadsSaferYou,8.80806E+17,1,
,,,
#SaferRoadsSaferYou,9.554E+17,1,
,,,
#SaferRoadsSaferYou,8.46631E+17,1,
,,,
#SaferRoadsSaferYou,4702806266,2,
,,,
#SaferRoadsSaferYou,1672629822,1,
,,,
#SaferRoadsSaferYou,1427913121,1,
,,,
#SaferRoadsSaferYou,7.86771E+17,1,
,,,
#SaferRoadsSaferYou,144537609,1,
,,,
#SaferRoadsSaferYou,180666430,1,
,,,
#SaferRoadsSaferYou,2662559581,2,
,,,
#SaferRoadsSaferYou,9.76053E+17,1,
,,,
#SaferRoadsSaferYou,7.05239E+17,1,
,,,
#SaferRoadsSaferYou,9.75348E+17,2,
,,,
#SaferRoadsSaferYou,3153145782,1,
,,,
#SaferRoadsSaferYou,7.66918E+17,1,
,,,
#SaferRoadsSaferYou,8.18378E+17,1,
,,,
#SaferRoadsSaferYou,8.61218E+17,1,
,,,
#SaferRoadsSaferYou,2654184704,1,
,,,
#SaferRoadsSaferYou,164246710,1,
,,,
#SaferRoadsSaferYou,9.25719E+17,1,
,,,
#SaferRoadsSaferYou,8.09927E+17,1,
,,,
#SaferRoadsSaferYou,153700059,1,
,,,
#SaferRoadsSaferYou,505652661,1,
,,,
#SaferRoadsSaferYou,223799855,15,
,,,
#SaferRoadsSaferYou,9.43738E+17,1,
,,,
#SaferRoadsSaferYou,4519424712,1,
,,,
#SaferRoadsSaferYou,1253892848,1,
,,,
#SaferRoadsSaferYou,9.73501E+17,1,
,,,
#SaferRoadsSaferYou,4622432065,1,
,,,
#SaferRoadsSaferYou,3182654918,1,
,,,
#SaferRoadsSaferYou,9.78699E+17,1,
,,,
#SaferRoadsSaferYou,7.50734E+17,1,
,,,
#SaferRoadsSaferYou,8.73916E+17,1,
,,,
#SaferRoadsSaferYou,9.65856E+17,1,
,,,
#SaferRoadsSaferYou,9.1339E+17,1,
,,,
#SaferRoadsSaferYou,9.62632E+17,1,
,,,
#SaferRoadsSaferYou,1635109176,1,
,,,
#SaferRoadsSaferYou,278458196,1,
,,,
#SaferRoadsSaferYou,7.93333E+17,1,
,,,
#SaferRoadsSaferYou,2676488342,1,
,,,
#SaferRoadsSaferYou,2344467750,1,
,,,
#SaferRoadsSaferYou,8.88349E+17,1,
,,,
#SaferRoadsSaferYou,8.35858E+17,2,
,,,
#SaferRoadsSaferYou,2417134104,1,
,,,
#SaferRoadsSaferYou,8.91237E+17,1,
,,,
#SaferRoadsSaferYou,8.85441E+17,1,
,,,
#SaferRoadsSaferYou,9.50037E+17,1,
,,,
#SaferRoadsSaferYou,7.07209E+17,1,
,,,
#SaferRoadsSaferYou,7.79042E+17,4,
,,,
#SaferRoadsSaferYou,3227916092,1,
,,,
#SaferRoadsSaferYou,8.69804E+17,1,
,,,
#SaferRoadsSaferYou,518329706,1,
,,,
#SaferRoadsSaferYou,3285651764,1,
,,,
#SaferRoadsSaferYou,9.40105E+17,1,
,,,
#SaferRoadsSaferYou,1645554601,1,
,,,
#SaferRoadsSaferYou,4744016893,1,
,,,
#SaferRoadsSaferYou,8.82505E+17,1,
,,,
#SaferRoadsSaferYou,8.3228E+17,1,
,,,
#SaferRoadsSaferYou,313131020,1,
,,,
#SaferRoadsSaferYou,8.59998E+17,1,
,,,
#SaferRoadsSaferYou,7.81484E+17,1,
,,,
#SaferRoadsSaferYou,9.56072E+17,2,
,,,
#SaferRoadsSaferYou,4742897892,2,
,,,
#SaferRoadsSaferYou,184914592,1,
,,,
#SaferRoadsSaferYou,370615515,1,
,,,
#SaferRoadsSaferYou,2898123372,1,
,,,
#SaferRoadsSaferYou,9.46311E+17,1,
,,,
#SaferRoadsSaferYou,3299366311,1,
,,,
#SaferRoadsSaferYou,9.76075E+17,1,
,,,
#SaferRoadsSaferYou,7.00641E+17,2,
,,,
#SaferRoadsSaferYou,9.22809E+17,2,
,,,
#SaferRoadsSaferYou,8.04595E+17,1,
,,,
#SaferRoadsSaferYou,8.74158E+17,1,
,,,
#SaferRoadsSaferYou,2902682754,1,
,,,
#SaferRoadsSaferYou,2917414279,1,
,,,
#SaferRoadsSaferYou,278413573,1,
,,,
#SaferRoadsSaferYou,8.01766E+17,3,
,,,
#SaferRoadsSaferYou,3062836789,1,
,,,
#SaferRoadsSaferYou,2728565918,1,
,,,
#SaferRoadsSaferYou,9.43272E+17,1,
,,,
#SaferRoadsSaferYou,9.27739E+17,3,
,,,
#SaferRoadsSaferYou,8.50248E+17,1,
,,,
#SaferRoadsSaferYou,7.35524E+17,1,
,,,
#SaferRoadsSaferYou,963921739,1,
,,,
#SaferRoadsSaferYou,7.4294E+17,2,
,,,
#SaferRoadsSaferYou,1570138692,1,
,,,
#SaferRoadsSaferYou,9.75056E+17,1,
,,,
#SaferRoadsSaferYou,8.97402E+17,1,
,,,
#SaferRoadsSaferYou,9.44594E+17,1,
,,,
#SaferRoadsSaferYou,2509670311,1,
,,,
#SaferRoadsSaferYou,1971012259,3,
,,,
#SaferRoadsSaferYou,8.97278E+17,1,
,,,
#SaferRoadsSaferYou,1734422442,3,
,,,
#SaferRoadsSaferYou,8.01034E+17,1,
,,,
#SaferRoadsSaferYou,9.29589E+17,2,
,,,
#SaferRoadsSaferYou,9.69558E+17,1,
,,,
#SaferRoadsSaferYou,9.61265E+17,1,
,,,
#SaferRoadsSaferYou,8.49167E+17,1,
,,,
#SaferRoadsSaferYou,7.84049E+17,3,
,,,
#SaferRoadsSaferYou,1635019874,1,
,,,
#SaferRoadsSaferYou,7.33949E+17,1,
,,,
#SaferRoadsSaferYou,9.7728E+17,3,
,,,
#SaferRoadsSaferYou,8.37667E+17,2,
,,,
#SaferRoadsSaferYou,9.17412E+17,3,
,,,
#SaferRoadsSaferYou,3526184832,1,
,,,
#SaferRoadsSaferYou,2315090076,1,
,,,
#SaferRoadsSaferYou,9.56107E+17,1,
,,,
#SaferRoadsSaferYou,7.3839E+17,1,
,,,
#SaferRoadsSaferYou,9.72027E+17,2,
,,,
#SaferRoadsSaferYou,8.74097E+17,1,
,,,
#SaferRoadsSaferYou,7.1835E+17,1,
,,,
#SaferRoadsSaferYou,8.91316E+17,1,
,,,
#SaferRoadsSaferYou,8.87181E+17,2,
,,,
#SaferRoadsSaferYou,7.05319E+17,1,
,,,
#SaferRoadsSaferYou,9.23553E+17,1,
,,,
#SaferRoadsSaferYou,8.34815E+17,3,
,,,
#SaferRoadsSaferYou,8.84111E+17,6,
,,,
#SaferRoadsSaferYou,9.58624E+17,1,
,,,
#SaferRoadsSaferYou,8.59641E+17,1,
,,,
#SaferRoadsSaferYou,2246920915,1,
,,,
#SaferRoadsSaferYou,8.96364E+17,1,
,,,
#SaferRoadsSaferYou,83972046,1,
,,,
#SaferRoadsSaferYou,8.99937E+17,3,
,,,
#SaferRoadsSaferYou,8.91917E+17,1,
,,,
#SaferRoadsSaferYou,7.84402E+17,1,
,,,
#SaferRoadsSaferYou,2441698676,3,
,,,
#SaferRoadsSaferYou,3253760836,4,
,,,
#SaferRoadsSaferYou,9.16621E+17,5,
,,,
#SaferRoadsSaferYou,9.73781E+17,1,
,,,
#SaferRoadsSaferYou,9.3016E+17,1,
,,,
#SaferRoadsSaferYou,7.71405E+17,2,
,,,
#SaferRoadsSaferYou,1951017218,2,
,,,
#SaferRoadsSaferYou,7.63777E+17,1,
,,,
#SaferRoadsSaferYou,8.11052E+17,1,
,,,
#SaferRoadsSaferYou,9.54017E+17,1,
,,,
#SaferRoadsSaferYou,1304602711,2,
,,,
#SaferRoadsSaferYou,7.60121E+17,1,
,,,
#SaferRoadsSaferYou,2277312042,2,
,,,
#SaferRoadsSaferYou,8.88964E+17,1,
,,,
#SaferRoadsSaferYou,8.83332E+17,2,
,,,
#SaferRoadsSaferYou,3096109760,1,
,,,
#SaferRoadsSaferYou,7.96773E+17,1,
,,,
#SaferRoadsSaferYou,1142131626,3,
,,,
#SaferRoadsSaferYou,9.77403E+17,2,
,,,
#SaferRoadsSaferYou,8.8878E+17,2,
,,,
#SaferRoadsSaferYou,9.47795E+17,2,
,,,
#SaferRoadsSaferYou,9.05736E+17,1,
,,,
#SaferRoadsSaferYou,1261815091,1,
,,,
#SaferRoadsSaferYou,9.07863E+17,1,
,,,
#SaferRoadsSaferYou,159539705,1,
,,,
#SaferRoadsSaferYou,1696484192,1,
,,,
#SaferRoadsSaferYou,9.52798E+17,1,
,,,
#SaferRoadsSaferYou,9.67984E+17,1,
,,,
#SaferRoadsSaferYou,2516375312,1,
,,,
#SaferRoadsSaferYou,951115776,1,
,,,
#SaferRoadsSaferYou,291186311,1,
,,,
#SaferRoadsSaferYou,8.95427E+17,1,
,,,
#SaferRoadsSaferYou,2390772690,1,
,,,
#SaferRoadsSaferYou,235445243,3,
,,,
#SaferRoadsSaferYou,1283838402,1,
,,,
#SaferRoadsSaferYou,9.32992E+17,1,
,,,
#SaferRoadsSaferYou,9.55307E+17,2,
,,,
#SaferRoadsSaferYou,9.14111E+17,1,
,,,
#SaferRoadsSaferYou,142238984,1,
,,,
#SaferRoadsSaferYou,8.21659E+17,2,
,,,
#SaferRoadsSaferYou,9.60736E+17,1,
,,,
#SaferRoadsSaferYou,9.19155E+17,1,
,,,
#SaferRoadsSaferYou,9.77217E+17,1,
,,,
#SaferRoadsSaferYou,499712096,1,
,,,
#SaferRoadsSaferYou,9.48386E+17,1,
,,,
#SaferRoadsSaferYou,579790287,1,
,,,
#SaferRoadsSaferYou,7.91992E+17,1,
,,,
#SaferRoadsSaferYou,8.96772E+17,1,
,,,
#SaferRoadsSaferYou,222106205,2,
,,,
#SaferRoadsSaferYou,148825916,1,
,,,
#SaferRoadsSaferYou,202911133,1,
,,,
#SaferRoadsSaferYou,8.32879E+17,1,
,,,
#SaferRoadsSaferYou,8.85739E+17,1,
,,,
#SaferRoadsSaferYou,35165361,1,
,,,
#SaferRoadsSaferYou,1031733936,1,
,,,
#SaferRoadsSaferYou,8.59352E+17,1,
,,,
#SaferRoadsSaferYou,8.07474E+17,1,
,,,
#SaferRoadsSaferYou,9.67762E+17,1,
,,,
#SaferRoadsSaferYou,7.93732E+17,1,
,,,
#SaferRoadsSaferYou,7.33475E+17,1,
,,,
#SaferRoadsSaferYou,7.03927E+17,1,
,,,
#SaferRoadsSaferYou,8.61869E+17,1,
,,,
#SaferRoadsSaferYou,8.41985E+17,1,
,,,
#SaferRoadsSaferYou,532249508,2,
,,,
#SaferRoadsSaferYou,40210698,1,
,,,
#SaferRoadsSaferYou,1691528377,1,
,,,
#SaferRoadsSaferYou,2851807851,1,
,,,
#SaferRoadsSaferYou,3855861313,1,
,,,
#SaferRoadsSaferYou,7.66203E+17,1,
,,,
#SaferRoadsSaferYou,3098718403,4,
,,,
#SaferRoadsSaferYou,4859791360,1,
,,,
#SaferRoadsSaferYou,8.89715E+17,1,
,,,
#SaferRoadsSaferYou,8.43757E+17,1,
,,,
#SaferRoadsSaferYou,2680145556,1,
,,,
#SaferRoadsSaferYou,360039773,1,
,,,
#SaferRoadsSaferYou,47359542,3,
,,,
#SaferRoadsSaferYou,3129530088,2,
,,,
#SaferRoadsSaferYou,8.72717E+17,1,
,,,
#SaferRoadsSaferYou,62253950,1,
,,,
#SaferRoadsSaferYou,607834825,1,
,,,
#SaferRoadsSaferYou,9.18093E+17,4,
,,,
#SaferRoadsSaferYou,9.60809E+17,1,
,,,
#SaferRoadsSaferYou,9.36607E+17,1,
,,,
#SaferRoadsSaferYou,96714558,1,
,,,
#SaferRoadsSaferYou,238637236,1,
,,,
#SaferRoadsSaferYou,1387537633,1,
,,,
#SaferRoadsSaferYou,418116352,3,
,,,
#SaferRoadsSaferYou,2210611398,1,
,,,
#SaferRoadsSaferYou,8.42769E+17,1,
,,,
#SaferRoadsSaferYou,2435604456,19,
,,,
#SaferRoadsSaferYou,8.82619E+17,1,
,,,
#SaferRoadsSaferYou,8.97786E+17,4,
,,,
#SaferRoadsSaferYou,8.88482E+17,2,
,,,
#SaferRoadsSaferYou,8.91374E+17,2,
,,,
#SaferRoadsSaferYou,2151474931,1,
,,,
#SaferRoadsSaferYou,344907973,1,
,,,
#SaferRoadsSaferYou,3296981100,1,
,,,
#SaferRoadsSaferYou,817076046,1,
,,,
#SaferRoadsSaferYou,8.2027E+17,2,
,,,
#SaferRoadsSaferYou,1415555797,1,
,,,
#SaferRoadsSaferYou,9.41234E+17,1,
,,,
#SaferRoadsSaferYou,9.72169E+17,1,
,,,
#SaferRoadsSaferYou,2464656265,1,
,,,
#SaferRoadsSaferYou,8.63971E+17,2,
,,,
#SaferRoadsSaferYou,9.79284E+17,1,
,,,
#SaferRoadsSaferYou,4892590520,1,
,,,
#SaferRoadsSaferYou,8.70674E+17,1,
,,,
#SaferRoadsSaferYou,3746977993,1,
,,,
#SaferRoadsSaferYou,8.89749E+17,1,
,,,
#SaferRoadsSaferYou,9.79283E+17,1,
,,,
#SaferRoadsSaferYou,137625384,1,
,,,
#SaferRoadsSaferYou,207602302,2,
,,,
#SaferRoadsSaferYou,2435037199,1,
,,,
#SaferRoadsSaferYou,9.51797E+17,3,
,,,
#SaferRoadsSaferYou,7.92658E+17,1,
,,,
#SaferRoadsSaferYou,9.79286E+17,1,
,,,
#SaferRoadsSaferYou,9.66192E+17,17,
,,,
#SaferRoadsSaferYou,1943716440,1,
,,,
#SaferRoadsSaferYou,9.79276E+17,1,
,,,
#SaferRoadsSaferYou,2485466040,1,
,,,
#SaferRoadsSaferYou,9.21993E+17,2,
,,,
#SaferRoadsSaferYou,113693559,10,
,,,
#SaferRoadsSaferYou,9.29971E+17,1,
,,,
#SaferRoadsSaferYou,539212126,1,
,,,
#SaferRoadsSaferYou,8.95322E+17,1,
,,,
#SaferRoadsSaferYou,4488019160,1,
,,,
#SaferRoadsSaferYou,9.7928E+17,1,
,,,
#SaferRoadsSaferYou,9.79281E+17,1,
,,,
#SaferRoadsSaferYou,9.48734E+17,1,
,,,
#SaferRoadsSaferYou,9.79275E+17,1,
,,,
#SaferRoadsSaferYou,390675586,1,
,,,
#SaferRoadsSaferYou,2944162254,2,
,,,
#SaferRoadsSaferYou,9.6443E+17,1,
,,,
#SaferRoadsSaferYou,9.70931E+17,2,
,,,
#SaferRoadsSaferYou,292823818,17,
,,,
#SaferRoadsSaferYou,1492884060,1,
,,,
#SaferRoadsSaferYou,283856080,11,
,,,
#SaferRoadsSaferYou,362521528,1,
,,,
#SaferRoadsSaferYou,4267937413,3,
,,,
#SaferRoadsSaferYou,2194840934,11,
,,,
#SaferRoadsSaferYou,7.51314E+17,1,
,,,
#SaferRoadsSaferYou,9.79278E+17,1,
,,,
#SaferRoadsSaferYou,9.58582E+17,1,
,,,
#SaferRoadsSaferYou,9.21974E+17,2,
,,,
#SaferRoadsSaferYou,9.32489E+17,1,
,,,
#SaferRoadsSaferYou,2315907025,1,
,,,
#SaferRoadsSaferYou,2893409324,13,
,,,
#SaferRoadsSaferYou,306765586,1,
,,,
#SaferRoadsSaferYou,8.20197E+17,2,
,,,
#SaferRoadsSaferYou,9.79275E+17,1,
,,,
#SaferRoadsSaferYou,3618097278,1,
,,,
#SaferRoadsSaferYou,3167337983,1,
,,,
#SaferRoadsSaferYou,3164928506,1,
,,,
#SaferRoadsSaferYou,2860512739,13,
,,,
#SaferRoadsSaferYou,9.79277E+17,1,
,,,
#SaferRoadsSaferYou,8.78294E+17,1,
,,,
#SaferRoadsSaferYou,3269669598,4,
,,,
#SaferRoadsSaferYou,1582827715,1,
,,,
#SaferRoadsSaferYou,3024983935,19,
,,,
#SaferRoadsSaferYou,3317745295,4,
,,,
#SaferRoadsSaferYou,2357685042,1,
,,,
#SaferRoadsSaferYou,3625455013,1,
,,,
#SaferRoadsSaferYou,352147351,1,
,,,
#SaferRoadsSaferYou,3907790098,1,
,,,
#SaferRoadsSaferYou,7.91565E+17,1,
,,,
#SaferRoadsSaferYou,2491033418,1,
,,,
#SaferRoadsSaferYou,9.70289E+17,1,
,,,
#SaferRoadsSaferYou,591164967,2,
,,,
#SaferRoadsSaferYou,8.35696E+17,1,
,,,
#SaferRoadsSaferYou,9.79276E+17,1,
,,,
#SaferRoadsSaferYou,7.82784E+17,1,
,,,
#SaferRoadsSaferYou,147175840,10,
,,,
#SaferRoadsSaferYou,7.43106E+17,1,
,,,
#SaferRoadsSaferYou,8.84733E+17,1,
,,,
#SaferRoadsSaferYou,119018683,11,
,,,
#SaferRoadsSaferYou,8.34091E+17,1,
,,,
#SaferRoadsSaferYou,9.79279E+17,1,
,,,
#SaferRoadsSaferYou,8.09657E+17,2,
,,,
#SaferRoadsSaferYou,474129861,1,
,,,
#SaferRoadsSaferYou,9.45907E+17,1,
,,,
#SaferRoadsSaferYou,9.78989E+17,1,
,,,
#SaferRoadsSaferYou,4627653942,10,
,,,
#SaferRoadsSaferYou,9.79278E+17,1,
,,,
#SaferRoadsSaferYou,1642043408,10,
,,,
#SaferRoadsSaferYou,473592940,10,
,,,
#SaferRoadsSaferYou,2316549824,10,
,,,
#SaferRoadsSaferYou,8.95894E+17,1,
,,,
#SaferRoadsSaferYou,471012772,10,
,,,
#SaferRoadsSaferYou,4581828194,10,
,,,
#SaferRoadsSaferYou,3046727072,21,
,,,
#SaferRoadsSaferYou,4797502483,1,
,,,
#SaferRoadsSaferYou,9.05859E+17,10,
,,,
#SaferRoadsSaferYou,3344175319,1,
,,,
#SaferRoadsSaferYou,89413977,17,
,,,
#SaferRoadsSaferYou,9.735E+17,1,
,,,
#SaferRoadsSaferYou,2914012466,2,
,,,
#SaferRoadsSaferYou,157398608,1,
,,,
#SaferRoadsSaferYou,1270150182,3,
,,,
#SaferRoadsSaferYou,1480026378,1,
,,,
#SaferRoadsSaferYou,8.86512E+17,1,
,,,
#SaferRoadsSaferYou,2949757284,1,
,,,
#SaferRoadsSaferYou,7.94359E+17,1,
,,,
#SaferRoadsSaferYou,8.59735E+17,1,
,,,
#SaferRoadsSaferYou,2470365680,2,
,,,
#SaferRoadsSaferYou,3309179004,2,
,,,
#SaferRoadsSaferYou,875574697,17,
,,,
#SaferRoadsSaferYou,8.80274E+17,1,
,,,
#SaferRoadsSaferYou,9.76332E+17,1,
,,,
#SaferRoadsSaferYou,402492251,1,
,,,
#SaferRoadsSaferYou,294133629,1,
,,,
#SaferRoadsSaferYou,8.40883E+17,1,
,,,
#SaferRoadsSaferYou,962088456,1,
,,,
#SaferRoadsSaferYou,4853001130,16,
,,,
#SaferRoadsSaferYou,7.79381E+17,18,
,,,
#SaferRoadsSaferYou,805067677,1,
,,,
#SaferRoadsSaferYou,3272782980,2,
,,,
#SaferRoadsSaferYou,9.49804E+17,1,
,,,
#SaferRoadsSaferYou,9.79276E+17,1,
,,,
#SaferRoadsSaferYou,7.70871E+17,6,
,,,
#SaferRoadsSaferYou,3301642669,1,
,,,
#SaferRoadsSaferYou,336549105,1,
,,,
#SaferRoadsSaferYou,9.73414E+17,13,
,,,
#SaferRoadsSaferYou,767114298,20,
,,,
#SaferRoadsSaferYou,72919562,5,
,,,
#SaferRoadsSaferYou,9.44182E+17,10,
,,,
#SaferRoadsSaferYou,9.79276E+17,1,
,,,
#SaferRoadsSaferYou,9.67169E+17,1,
,,,
#SaferRoadsSaferYou,2799386636,7,
,,,
#SaferRoadsSaferYou,2836514334,17,
,,,
#SaferRoadsSaferYou,850337286,1,
,,,
#SaferRoadsSaferYou,9.26764E+17,1,
,,,
#SaferRoadsSaferYou,280932164,1,
,,,
#SaferRoadsSaferYou,895071080,1,
,,,
#SaferRoadsSaferYou,8.33632E+17,1,
,,,
#SaferRoadsSaferYou,9.52912E+17,1,
,,,
#SaferRoadsSaferYou,525131956,10,
,,,
#SaferRoadsSaferYou,257852905,1,
,,,
#SaferRoadsSaferYou,7.79693E+17,10,
,,,
#SaferRoadsSaferYou,2327252924,22,
,,,
#SaferRoadsSaferYou,3151710080,1,
,,,
#SaferRoadsSaferYou,8.43401E+17,10,
,,,
#SaferRoadsSaferYou,7.13182E+17,1,
,,,
#SaferRoadsSaferYou,1087874976,17,
,,,
#SaferRoadsSaferYou,9.79274E+17,1,
,,,
#SaferRoadsSaferYou,2893710845,10,
,,,
#SaferRoadsSaferYou,824823218,20,
,,,
#SaferRoadsSaferYou,2714540478,1,
,,,
#SaferRoadsSaferYou,394146145,11,
,,,
#SaferRoadsSaferYou,1359822247,11,
,,,
#SaferRoadsSaferYou,395803926,11,
,,,
#SaferRoadsSaferYou,3147691988,11,
,,,
#SaferRoadsSaferYou,8.81435E+17,1,
,,,
#SaferRoadsSaferYou,335873700,17,
,,,
#SaferRoadsSaferYou,3196619840,11,
,,,
#SaferRoadsSaferYou,8.44308E+17,14,
,,,
#SaferRoadsSaferYou,8.52128E+17,2,
,,,
#SaferRoadsSaferYou,3180462534,10,
,,,
#SaferRoadsSaferYou,3024171973,2,
,,,
#SaferRoadsSaferYou,9.59436E+17,1,
,,,
#SaferRoadsSaferYou,1515493944,10,
,,,
#SaferRoadsSaferYou,4287358698,9,
,,,
#SaferRoadsSaferYou,8.8913E+17,8,
,,,
#SaferRoadsSaferYou,1692957684,8,
,,,
#SaferRoadsSaferYou,9.65256E+17,1,
,,,
#SaferRoadsSaferYou,8.19927E+17,1,
,,,
#SaferRoadsSaferYou,9.73448E+17,9,
,,,
#SaferRoadsSaferYou,9.01043E+17,9,
,,,
#SaferRoadsSaferYou,9.4024E+17,10,
,,,
#SaferRoadsSaferYou,2935709966,19,
,,,
#SaferRoadsSaferYou,2332734606,1,
,,,
#SaferRoadsSaferYou,189537010,10,
,,,
#SaferRoadsSaferYou,9.74955E+17,10,
,,,
#SaferRoadsSaferYou,4641476654,10,
,,,
#SaferRoadsSaferYou,7.99897E+17,19,
,,,
#SaferRoadsSaferYou,2946461388,10,
,,,
#SaferRoadsSaferYou,3282392216,10,
,,,
#SaferRoadsSaferYou,2975807828,8,
,,,
#SaferRoadsSaferYou,591628268,10,
,,,
#SaferRoadsSaferYou,2219452200,1,
,,,
#SaferRoadsSaferYou,142208895,1,
,,,
#SaferRoadsSaferYou,36617945,1,
,,,
#SaferRoadsSaferYou,9.74319E+17,10,
,,,
#SaferRoadsSaferYou,405512459,10,
,,,
#SaferRoadsSaferYou,763689972,11,
,,,
#SaferRoadsSaferYou,181515678,15,
,,,
#SaferRoadsSaferYou,9.3682E+17,10,
,,,
#SaferRoadsSaferYou,9.79275E+17,1,
,,,
#SaferRoadsSaferYou,9.73528E+17,17,
,,,
#SaferRoadsSaferYou,9.79275E+17,1,
,,,
#SaferRoadsSaferYou,9.75639E+17,1,
,,,
#SaferRoadsSaferYou,7.08959E+17,8,
,,,
#SaferRoadsSaferYou,7.77207E+17,1,
,,,
#SaferRoadsSaferYou,3313067568,10,
,,,
#SaferRoadsSaferYou,9.74468E+17,19,
,,,
#SaferRoadsSaferYou,3714276973,1,
,,,
#SaferRoadsSaferYou,399900490,10,
,,,
#SaferRoadsSaferYou,551812896,14,
,,,
#SaferRoadsSaferYou,316443850,16,
,,,
#SaferRoadsSaferYou,58254225,3,
,,,
#SaferRoadsSaferYou,2410937274,8,
,,,
#SaferRoadsSaferYou,8.9413E+17,1,
,,,
#SaferRoadsSaferYou,2195235176,7,
,,,
#SaferRoadsSaferYou,1432367527,21,
,,,
#SaferRoadsSaferYou,2950894703,8,
,,,
#SaferRoadsSaferYou,2409397885,7,
,,,
#SaferRoadsSaferYou,9.79274E+17,1,
,,,
#SaferRoadsSaferYou,153385549,14,
,,,
#SaferRoadsSaferYou,7.28586E+17,1,
,,,
#SaferRoadsSaferYou,8.70384E+17,1,
,,,
#SaferRoadsSaferYou,8.41269E+17,10,
,,,
#SaferRoadsSaferYou,9.55114E+17,1,
,,,
#SaferRoadsSaferYou,9.73477E+17,10,
,,,
#SaferRoadsSaferYou,4127513185,15,
,,,
#SaferRoadsSaferYou,9.46631E+17,2,
,,,
#SaferRoadsSaferYou,8.75632E+17,11,
,,,
#SaferRoadsSaferYou,229724355,7,
,,,
#SaferRoadsSaferYou,2761964116,10,
,,,
#SaferRoadsSaferYou,1397136900,1,
,,,
#SaferRoadsSaferYou,3924321952,3,
,,,
#SaferRoadsSaferYou,593350459,13,
,,,
#SaferRoadsSaferYou,2822469547,21,
,,,
#SaferRoadsSaferYou,2894240610,11,
,,,
#SaferRoadsSaferYou,8.61066E+17,8,
,,,
#SaferRoadsSaferYou,26267634,20,
,,,
#SaferRoadsSaferYou,7.12339E+17,9,
,,,
#SaferRoadsSaferYou,3055433730,1,
,,,
#SaferRoadsSaferYou,2152452072,11,
,,,
#SaferRoadsSaferYou,8.10115E+17,8,
,,,
#SaferRoadsSaferYou,319521142,12,
,,,
#SaferRoadsSaferYou,1159621832,21,
,,,
#SaferRoadsSaferYou,445865689,10,
,,,
#SaferRoadsSaferYou,3138195312,11,
,,,
#SaferRoadsSaferYou,4901733019,20,
,,,
#SaferRoadsSaferYou,8.80023E+17,26,
,,,
#SaferRoadsSaferYou,9.73306E+17,14,
,,,
#SaferRoadsSaferYou,9.5023E+17,3,
,,,
#SaferRoadsSaferYou,2391725931,11,
,,,
#SaferRoadsSaferYou,1037582647,3,
,,,
#SaferRoadsSaferYou,9.74163E+17,13,
,,,
#SaferRoadsSaferYou,39965262,14,
,,,
#SaferRoadsSaferYou,135472360,10,
,,,
#SaferRoadsSaferYou,3430284497,1,
,,,
#SaferRoadsSaferYou,2899655005,11,
,,,
#SaferRoadsSaferYou,9.39819E+17,10,
,,,
#SaferRoadsSaferYou,1583109553,12,
,,,
#SaferRoadsSaferYou,2367472634,1,
,,,
#SaferRoadsSaferYou,894897038,17,
,,,
#SaferRoadsSaferYou,7.67718E+17,1,
,,,
#SaferRoadsSaferYou,80868525,2,
,,,
#SaferRoadsSaferYou,1724477838,13,
,,,
#SaferRoadsSaferYou,7.30621E+17,1,
,,,
#SaferRoadsSaferYou,9.04627E+17,1,
,,,
#SaferRoadsSaferYou,8.37624E+17,2,
,,,
#SaferRoadsSaferYou,4256619740,1,
,,,
#SaferRoadsSaferYou,9.23893E+17,2,
,,,
#SaferRoadsSaferYou,7.4385E+17,1,
,,,
#SaferRoadsSaferYou,2684109847,2,
,,,
#SaferRoadsSaferYou,9.61296E+17,1,
,,,
#SaferRoadsSaferYou,126268923,1,
,,,
#SaferRoadsSaferYou,1435079154,1,
,,,
#SaferRoadsSaferYou,8.87651E+17,1,
,,,
#SaferRoadsSaferYou,3011284814,1,
,,,
#SaferRoadsSaferYou,3046151654,1,
,,,
#SaferRoadsSaferYou,9.32172E+17,1,
,,,
#SaferRoadsSaferYou,446154048,1,
,,,
#SaferRoadsSaferYou,3439607358,3,
,,,
#SaferRoadsSaferYou,3017633220,4,
,,,
#SaferRoadsSaferYou,1141775318,20,
,,,
#SaferRoadsSaferYou,9.07632E+17,2,
,,,
#SaferRoadsSaferYou,4914386658,2,
,,,
#SaferRoadsSaferYou,8.72348E+17,1,
,,,
#SaferRoadsSaferYou,2892927990,1,
,,,
#SaferRoadsSaferYou,8.97753E+17,1,
,,,
#SaferRoadsSaferYou,4594582519,1,
,,,
#SaferRoadsSaferYou,7.91665E+17,1,
,,,
#SaferRoadsSaferYou,7.66527E+17,1,
,,,
#SaferRoadsSaferYou,3104515044,38,
,,,
#SaferRoadsSaferYou,3017722168,1,
,,,
#SaferRoadsSaferYou,101976324,1,
,,,
#SaferRoadsSaferYou,8.16656E+17,1,
,,,
#SaferRoadsSaferYou,8.29146E+17,1,
,,,
#SaferRoadsSaferYou,3003470551,2,
,,,
#SaferRoadsSaferYou,9.72131E+17,1,
,,,
#SaferRoadsSaferYou,2245224551,1,
,,,
#SaferRoadsSaferYou,1732082192,1,
,,,
#SaferRoadsSaferYou,8.61151E+17,2,
,,,
#SaferRoadsSaferYou,9.55788E+17,1,
,,,
#SaferRoadsSaferYou,223779517,4,
,,,
#SaferRoadsSaferYou,1045530673,1,
,,,
#SaferRoadsSaferYou,7.57954E+17,1,
,,,
#SaferRoadsSaferYou,2500673682,1,
,,,
#SaferRoadsSaferYou,556576088,1,
,,,
#SaferRoadsSaferYou,85089837,1,
,,,
#SaferRoadsSaferYou,9.17962E+17,1,
,,,
#SaferRoadsSaferYou,7.54175E+17,1,
,,,
#SaferRoadsSaferYou,7.58169E+17,19,
,,,
#SaferRoadsSaferYou,9.76708E+17,1,
,,,
#SaferRoadsSaferYou,9.49593E+17,1,
,,,
#SaferRoadsSaferYou,7.76954E+17,1,
,,,
#SaferRoadsSaferYou,2268859219,1,
,,,
#SaferRoadsSaferYou,9.60543E+17,1,
,,,
#SaferRoadsSaferYou,4756493874,1,
,,,
#SaferRoadsSaferYou,488452692,11,
,,,
#SaferRoadsSaferYou,3255410106,1,
,,,
#SaferRoadsSaferYou,3220084519,1,
,,,
#SaferRoadsSaferYou,464512322,2,
,,,
#SaferRoadsSaferYou,1162463042,1,
,,,
#SaferRoadsSaferYou,584467199,1,
,,,
#SaferRoadsSaferYou,84079893,1,
,,,
#SaferRoadsSaferYou,9.13731E+17,2,
,,,
#SaferRoadsSaferYou,9.77164E+17,1,
,,,
#SaferRoadsSaferYou,209067060,1,
,,,
#SaferRoadsSaferYou,9.73572E+17,2,
,,,
#SaferRoadsSaferYou,9.47882E+17,1,
,,,
#SaferRoadsSaferYou,9.6381E+17,2,
,,,
#SaferRoadsSaferYou,8.07865E+17,1,
,,,
#SaferRoadsSaferYou,7.0104E+17,1,
,,,
#SaferRoadsSaferYou,9.6229E+17,2,
,,,
#SaferRoadsSaferYou,3226892222,1,
,,,
#SaferRoadsSaferYou,9.06881E+17,1,
,,,
#SaferRoadsSaferYou,9.57912E+17,1,
,,,
#SaferRoadsSaferYou,2700113402,1,
,,,
#SaferRoadsSaferYou,140728431,1,
,,,
#SaferRoadsSaferYou,67243846,1,
,,,
#SaferRoadsSaferYou,14639065,1,
,,,
#SaferRoadsSaferYou,2614211958,1,
,,,
#SaferRoadsSaferYou,9.32886E+17,2,
,,,
#SaferRoadsSaferYou,7.86907E+17,1,
,,,
#SaferRoadsSaferYou,2718848419,1,
,,,
#SaferRoadsSaferYou,3439100412,1,
,,,
#SaferRoadsSaferYou,7.55942E+17,1,
,,,
#SaferRoadsSaferYou,4682054384,1,
,,,
#SaferRoadsSaferYou,9.36557E+17,1,
,,,
#SaferRoadsSaferYou,844140763,1,
,,,
#SaferRoadsSaferYou,9.48545E+17,1,
,,,
#SaferRoadsSaferYou,9.40234E+17,1,
,,,
#SaferRoadsSaferYou,7.89067E+17,2,
,,,
#SaferRoadsSaferYou,160879718,1,
,,,
#SaferRoadsSaferYou,8.27071E+17,1,
,,,
#SaferRoadsSaferYou,9.77516E+17,1,
,,,
#SaferRoadsSaferYou,9.68882E+17,1,
,,,
#SaferRoadsSaferYou,723504510,1,
,,,
#SaferRoadsSaferYou,9.44453E+17,10,
,,,
#SaferRoadsSaferYou,2962002439,1,
,,,
#SaferRoadsSaferYou,8.7493E+17,1,
,,,
#SaferRoadsSaferYou,7.07486E+17,1,
,,,
#SaferRoadsSaferYou,8.56824E+17,2,
,,,
#SaferRoadsSaferYou,481415481,8,
,,,
#SaferRoadsSaferYou,8.67644E+17,1,
,,,
#SaferRoadsSaferYou,3338007854,1,
,,,
#SaferRoadsSaferYou,9.74216E+17,1,
,,,
#SaferRoadsSaferYou,9.42658E+17,1,
,,,
#SaferRoadsSaferYou,209484505,1,
,,,
#SaferRoadsSaferYou,7.70997E+17,1,
,,,
#SaferRoadsSaferYou,8.47693E+17,2,
,,,
#SaferRoadsSaferYou,9.74111E+17,1,
,,,
#SaferRoadsSaferYou,1615246092,1,
,,,
#SaferRoadsSaferYou,379850777,1,
,,,
#SaferRoadsSaferYou,124486991,2,
,,,
#SaferRoadsSaferYou,9.34009E+17,1,
,,,
#SaferRoadsSaferYou,2937907446,1,
,,,
#SaferRoadsSaferYou,3221373534,1,
,,,
#SaferRoadsSaferYou,9.68478E+17,1,
,,,
#SaferRoadsSaferYou,9.1175E+17,1,
,,,
#SaferRoadsSaferYou,78811012,1,
,,,
#SaferRoadsSaferYou,177552860,13,
,,,
#SaferRoadsSaferYou,9.27402E+17,1,
,,,
#SaferRoadsSaferYou,8.19013E+17,1,
,,,
#SaferRoadsSaferYou,2583907746,9,
,,,
#SaferRoadsSaferYou,2872045155,2,
,,,
#SaferRoadsSaferYou,2805357583,1,
,,,
#SaferRoadsSaferYou,8.21056E+17,1,
,,,
#SaferRoadsSaferYou,2918414029,1,
,,,
#SaferRoadsSaferYou,9.71375E+17,1,
,,,
#SaferRoadsSaferYou,536875955,1,
,,,
#SaferRoadsSaferYou,2605594846,1,
,,,
#SaferRoadsSaferYou,3177712592,1,
,,,
#SaferRoadsSaferYou,797515,2,
,,,
#SaferRoadsSaferYou,76239079,4,
,,,
#SaferRoadsSaferYou,4659680078,1,
,,,
#SaferRoadsSaferYou,3325656402,1,
,,,
#SaferRoadsSaferYou,8.5247E+17,9,
,,,
#SaferRoadsSaferYou,335125248,8,
,,,
#SaferRoadsSaferYou,602700564,22,
,,,
#SaferRoadsSaferYou,2749783381,17,
,,,
#SaferRoadsSaferYou,3472334952,18,
,,,
#SaferRoadsSaferYou,3438816981,8,
,,,
#SaferRoadsSaferYou,8.15829E+17,8,
,,,
#SaferRoadsSaferYou,8.42622E+17,8,
,,,
#SaferRoadsSaferYou,8.64068E+17,8,
,,,
#SaferRoadsSaferYou,8.3794E+17,1,
,,,
#SaferRoadsSaferYou,29379934,1,
,,,
#SaferRoadsSaferYou,9.71423E+17,1,
,,,
#SaferRoadsSaferYou,8.84443E+17,1,
,,,
#SaferRoadsSaferYou,8.61119E+17,8,
,,,
#SaferRoadsSaferYou,3019529376,15,
,,,
#SaferRoadsSaferYou,1827907981,8,
,,,
#SaferRoadsSaferYou,9.55353E+17,7,
,,,
#SaferRoadsSaferYou,2456541271,1,
,,,
#SaferRoadsSaferYou,9.60184E+17,18,
,,,
#SaferRoadsSaferYou,716479968,1,
,,,
#SaferRoadsSaferYou,7.54903E+17,3,
,,,
#SaferRoadsSaferYou,8.65497E+17,1,
,,,
#SaferRoadsSaferYou,9.05042E+17,1,
,,,
#SaferRoadsSaferYou,1425507000,9,
,,,
#SaferRoadsSaferYou,1893331584,15,
,,,
#SaferRoadsSaferYou,9.73425E+17,12,
,,,
#SaferRoadsSaferYou,213958105,8,
,,,
#SaferRoadsSaferYou,338984941,1,
,,,
#SaferRoadsSaferYou,2462995393,8,
,,,
#SaferRoadsSaferYou,2492264773,1,
,,,
#SaferRoadsSaferYou,4677135228,1,
,,,
#SaferRoadsSaferYou,7.02359E+17,1,
,,,
#SaferRoadsSaferYou,9.76918E+17,5,
,,,
#SaferRoadsSaferYou,2210346038,1,
,,,
#SaferRoadsSaferYou,8.28831E+17,12,
,,,
#SaferRoadsSaferYou,9.38819E+17,1,
,,,
#SaferRoadsSaferYou,108856065,8,
,,,
#SaferRoadsSaferYou,960296839,9,
,,,
#SaferRoadsSaferYou,1350082039,1,
,,,
#SaferRoadsSaferYou,9.66222E+17,1,
,,,
#SaferRoadsSaferYou,2366558522,1,
,,,
#SaferRoadsSaferYou,618290051,8,
,,,
#SaferRoadsSaferYou,7.57089E+17,1,
,,,
#SaferRoadsSaferYou,3433407673,9,
,,,
#SaferRoadsSaferYou,3468354852,1,
,,,
#SaferRoadsSaferYou,9.56626E+17,1,
,,,
#SaferRoadsSaferYou,222738251,1,
,,,
#SaferRoadsSaferYou,8.96715E+17,1,
,,,
#SaferRoadsSaferYou,806244271,8,
,,,
#SaferRoadsSaferYou,115288244,18,
,,,
#SaferRoadsSaferYou,1015144724,8,
,,,
#SaferRoadsSaferYou,230430214,15,
,,,
#SaferRoadsSaferYou,9.74536E+17,1,
,,,
#SaferRoadsSaferYou,8.83277E+17,2,
,,,
#SaferRoadsSaferYou,2263155693,1,
,,,
#SaferRoadsSaferYou,9.48406E+17,1,
,,,
#SaferRoadsSaferYou,9.24965E+17,1,
,,,
#SaferRoadsSaferYou,8.19444E+17,1,
,,,
#SaferRoadsSaferYou,292591426,1,
,,,
#SaferRoadsSaferYou,7.48999E+17,2,
,,,
#SaferRoadsSaferYou,8.56755E+17,2,
,,,
#SaferRoadsSaferYou,9.69613E+17,1,
,,,
#SaferRoadsSaferYou,9.07916E+17,8,
,,,
#SaferRoadsSaferYou,2200905816,2,
,,,
#SaferRoadsSaferYou,9.2934E+17,1,
,,,
#SaferRoadsSaferYou,1979555574,1,
,,,
#SaferRoadsSaferYou,8.06694E+17,1,
,,,
#SaferRoadsSaferYou,7.7747E+17,1,
,,,
#SaferRoadsSaferYou,8.37921E+17,2,
,,,
#SaferRoadsSaferYou,9.58974E+17,1,
,,,
#SaferRoadsSaferYou,3218997344,1,
,,,
#SaferRoadsSaferYou,9.12319E+17,1,
,,,
#SaferRoadsSaferYou,8.75241E+17,6,
,,,
#SaferRoadsSaferYou,9.12318E+17,1,
,,,
#SaferRoadsSaferYou,9.66544E+17,1,
,,,
#SaferRoadsSaferYou,8.26723E+17,6,
,,,
#SaferRoadsSaferYou,9.12315E+17,1,
,,,
#SaferRoadsSaferYou,780154543,1,
,,,
#SaferRoadsSaferYou,8.96431E+17,1,
,,,
#SaferRoadsSaferYou,3249742856,2,
,,,
#SaferRoadsSaferYou,8.3473E+17,1,
,,,
#SaferRoadsSaferYou,9.03163E+17,1,
,,,
#SaferRoadsSaferYou,9.64101E+17,1,
,,,
#SaferRoadsSaferYou,8.45898E+17,1,
,,,
#SaferRoadsSaferYou,9.43435E+17,1,
,,,
#SaferRoadsSaferYou,8.3694E+17,1,
,,,
#SaferRoadsSaferYou,9.5356E+17,1,
,,,
#SaferRoadsSaferYou,1391940822,2,
,,,
#SaferRoadsSaferYou,7.05336E+17,8,
,,,
#SaferRoadsSaferYou,7.48534E+17,10,
,,,
#SaferRoadsSaferYou,7.6812E+17,1,
,,,
#SaferRoadsSaferYou,9.30387E+17,1,
,,,
#SaferRoadsSaferYou,3023935862,1,
,,,
#SaferRoadsSaferYou,7.88206E+17,1,
,,,
#SaferRoadsSaferYou,2698073952,1,
,,,
#SaferRoadsSaferYou,9.506E+17,1,
,,,
#SaferRoadsSaferYou,9.35192E+17,1,
,,,
#SaferRoadsSaferYou,3304879400,1,
,,,
#SaferRoadsSaferYou,9.51886E+17,1,
,,,
#SaferRoadsSaferYou,8.51254E+17,1,
,,,
#SaferRoadsSaferYou,3239677464,8,
,,,
#SaferRoadsSaferYou,7.15842E+17,8,
,,,
#SaferRoadsSaferYou,7.88942E+17,1,
,,,
#SaferRoadsSaferYou,8.46694E+17,9,
,,,
#SaferRoadsSaferYou,9.39027E+17,1,
,,,
#SaferRoadsSaferYou,8.48828E+17,1,
,,,
#SaferRoadsSaferYou,60687444,1,
,,,
#SaferRoadsSaferYou,2659318633,2,
,,,
#SaferRoadsSaferYou,3112560050,1,
,,,
#SaferRoadsSaferYou,9.61587E+17,1,
,,,
#SaferRoadsSaferYou,8.4953E+17,1,
,,,
#SaferRoadsSaferYou,814968864,2,
,,,
#SaferRoadsSaferYou,2191779084,10,
,,,
#SaferRoadsSaferYou,117680456,3,
,,,
#SaferRoadsSaferYou,9.38373E+17,1,
,,,
#SaferRoadsSaferYou,9.61664E+17,1,
,,,
#SaferRoadsSaferYou,211413815,1,
,,,
#SaferRoadsSaferYou,360293686,1,
,,,
#SaferRoadsSaferYou,9.0969E+17,1,
,,,
#SaferRoadsSaferYou,2598258590,2,
,,,
#SaferRoadsSaferYou,602122339,5,
,,,
#SaferRoadsSaferYou,395269494,1,
,,,
#SaferRoadsSaferYou,4401714079,5,
,,,
#SaferRoadsSaferYou,8.68617E+17,1,
,,,
#SaferRoadsSaferYou,9.56838E+17,1,
,,,
#SaferRoadsSaferYou,4605106994,1,
,,,
#SaferRoadsSaferYou,9.22401E+17,5,
,,,
#SaferRoadsSaferYou,843048714,7,
,,,
#SaferRoadsSaferYou,9.024E+17,1,
,,,
#SaferRoadsSaferYou,8.55667E+17,1,
,,,
#SaferRoadsSaferYou,9.25249E+17,1,
,,,
#SaferRoadsSaferYou,8.81897E+17,1,
,,,
#SaferRoadsSaferYou,2945073745,1,
,,,
#SaferRoadsSaferYou,1269876397,1,
,,,
#SaferRoadsSaferYou,949273866,1,
,,,
#SaferRoadsSaferYou,383132126,1,
,,,
#SaferRoadsSaferYou,199545233,1,
,,,
#SaferRoadsSaferYou,9.73609E+17,1,
,,,
#SaferRoadsSaferYou,9.12329E+17,1,
,,,
#SaferRoadsSaferYou,8.85346E+17,5,
,,,
#SaferRoadsSaferYou,9.34799E+17,4,
,,,
#SaferRoadsSaferYou,2869232131,5,
,,,
#SaferRoadsSaferYou,823031359,1,
,,,
#SaferRoadsSaferYou,132160469,5,
,,,
#SaferRoadsSaferYou,9.70753E+17,1,
,,,
#SaferRoadsSaferYou,549194634,7,
,,,
#SaferRoadsSaferYou,229865780,12,
,,,
#SaferRoadsSaferYou,9.74635E+17,1,
,,,
#SaferRoadsSaferYou,779863892,1,
,,,
#SaferRoadsSaferYou,15731656,11,
,,,
#SaferRoadsSaferYou,7.04369E+17,1,
,,,
#SaferRoadsSaferYou,4039073831,1,
,,,
#SaferRoadsSaferYou,59400500,1,
,,,
#SaferRoadsSaferYou,8.82877E+17,1,
,,,
#SaferRoadsSaferYou,8.03456E+17,1,
,,,
#SaferRoadsSaferYou,9.39024E+17,1,
,,,
#SaferRoadsSaferYou,4344292698,1,
,,,
#SaferRoadsSaferYou,2185287686,5,
,,,
#SaferRoadsSaferYou,9.07634E+17,1,
,,,
#SaferRoadsSaferYou,9.77076E+17,3,
,,,
#SaferRoadsSaferYou,8.86232E+17,1,
,,,
#SaferRoadsSaferYou,92040824,5,
,,,
#SaferRoadsSaferYou,1516261044,1,
,,,
#SaferRoadsSaferYou,452627634,1,
,,,
#SaferRoadsSaferYou,9.15557E+17,1,
,,,
#SaferRoadsSaferYou,9.76694E+17,1,
,,,
#SaferRoadsSaferYou,581641731,4,
,,,
#SaferRoadsSaferYou,278499903,1,
,,,
#SaferRoadsSaferYou,8.52888E+17,1,
,,,
#SaferRoadsSaferYou,250849390,2,
,,,
#SaferRoadsSaferYou,9.27239E+17,1,
,,,
#SaferRoadsSaferYou,7.82498E+17,2,
,,,
#SaferRoadsSaferYou,7.12879E+17,12,
,,,
#SaferRoadsSaferYou,8.17693E+17,1,
,,,
#SaferRoadsSaferYou,812697114,3,
,,,
#SaferRoadsSaferYou,2179979548,1,
,,,
#SaferRoadsSaferYou,3066734389,1,
,,,
#SaferRoadsSaferYou,2291345122,1,
,,,
#SaferRoadsSaferYou,8.90775E+17,1,
,,,
#SaferRoadsSaferYou,371212667,1,
,,,
#SaferRoadsSaferYou,9.19447E+17,1,
,,,
#SaferRoadsSaferYou,7.90904E+17,1,
,,,
#SaferRoadsSaferYou,9.57143E+17,1,
,,,
#SaferRoadsSaferYou,9.40449E+17,4,
,,,
#SaferRoadsSaferYou,9.56802E+17,1,
,,,
#SaferRoadsSaferYou,9.01313E+17,1,
,,,
#SaferRoadsSaferYou,605359141,2,
,,,
#SaferRoadsSaferYou,9.4623E+17,1,
,,,
#SaferRoadsSaferYou,9.6053E+17,1,
,,,
#SaferRoadsSaferYou,8.64706E+17,1,
,,,
#SaferRoadsSaferYou,7.97035E+17,2,
,,,
#SaferRoadsSaferYou,9.62014E+17,4,
,,,
#SaferRoadsSaferYou,2953540478,1,
,,,
#SaferRoadsSaferYou,7.75586E+17,1,
,,,
#SaferRoadsSaferYou,3793480873,1,
,,,
#SaferRoadsSaferYou,2886597480,1,
,,,
#SaferRoadsSaferYou,2585222840,1,
,,,
#SaferRoadsSaferYou,2328323694,1,
,,,
#SaferRoadsSaferYou,586419628,1,
,,,
#SaferRoadsSaferYou,8.05758E+17,1,
,,,
#SaferRoadsSaferYou,9.6636E+17,1,
,,,
#SaferRoadsSaferYou,9.54612E+17,1,
,,,
#SaferRoadsSaferYou,7.8938E+17,1,
,,,
#SaferRoadsSaferYou,9.56066E+17,1,
,,,
#SaferRoadsSaferYou,9.47395E+17,1,
,,,
#SaferRoadsSaferYou,9.07923E+17,1,
,,,
#SaferRoadsSaferYou,9.67284E+17,1,
,,,
#SaferRoadsSaferYou,866205552,2,
,,,
#SaferRoadsSaferYou,2790842513,1,
,,,
#SaferRoadsSaferYou,7.97306E+17,1,
,,,
#SaferRoadsSaferYou,9.06089E+17,1,
,,,
#SaferRoadsSaferYou,9.51777E+17,1,
,,,
#SaferRoadsSaferYou,9.38592E+17,1,
,,,
#SaferRoadsSaferYou,9.44079E+17,1,
,,,
#SaferRoadsSaferYou,873710240,1,
,,,
#SaferRoadsSaferYou,9.42342E+17,1,
,,,
#SaferRoadsSaferYou,2276315191,1,
,,,
#SaferRoadsSaferYou,118005272,1,
,,,
#SaferRoadsSaferYou,7.20657E+17,1,
,,,
#SaferRoadsSaferYou,7.18699E+17,8,
,,,
#SaferRoadsSaferYou,2585617470,1,
,,,
#SaferRoadsSaferYou,4187134520,1,
,,,
#SaferRoadsSaferYou,2800386018,1,
,,,
#SaferRoadsSaferYou,2254956343,1,
,,,
#SaferRoadsSaferYou,9.78779E+17,1,
,,,
#SaferRoadsSaferYou,8.04406E+17,1,
,,,
#SaferRoadsSaferYou,9.06528E+17,1,
,,,
#SaferRoadsSaferYou,2270116646,1,
,,,
#SaferRoadsSaferYou,8.44441E+17,1,
,,,
#SaferRoadsSaferYou,7.88305E+17,1,
,,,
#SaferRoadsSaferYou,4170423621,1,
,,,
#SaferRoadsSaferYou,2712494158,1,
,,,
#SaferRoadsSaferYou,139007121,1,
,,,
#SaferRoadsSaferYou,103376735,2,
,,,
#SaferRoadsSaferYou,7.14695E+17,1,
,,,
#SaferRoadsSaferYou,94979487,1,
,,,
#SaferRoadsSaferYou,8.82122E+17,2,
,,,
#SaferRoadsSaferYou,9.6436E+17,1,
,,,
#SaferRoadsSaferYou,3315907574,1,
,,,
#SaferRoadsSaferYou,4556389333,1,
,,,
#SaferRoadsSaferYou,9.66323E+17,1,
,,,
#SaferRoadsSaferYou,4548087492,1,
,,,
#SaferRoadsSaferYou,122667629,1,
,,,
#SaferRoadsSaferYou,1661767334,1,
,,,
#SaferRoadsSaferYou,485473269,2,
,,,
#SaferRoadsSaferYou,8.80389E+17,1,
,,,
#SaferRoadsSaferYou,526411300,1,
,,,
#SaferRoadsSaferYou,9.41253E+17,1,
,,,
#SaferRoadsSaferYou,4421898858,1,
,,,
#SaferRoadsSaferYou,9.47413E+17,1,
,,,
#SaferRoadsSaferYou,7.13656E+17,1,
,,,
#SaferRoadsSaferYou,8.95132E+17,2,
,,,
#SaferRoadsSaferYou,9.00425E+17,1,
,,,
#SaferRoadsSaferYou,7.2315E+17,4,
,,,
#SaferRoadsSaferYou,9.38787E+17,1,
,,,
#SaferRoadsSaferYou,3707098214,1,
,,,
#SaferRoadsSaferYou,63861876,1,
,,,
#SaferRoadsSaferYou,7.82249E+17,1,
,,,
#SaferRoadsSaferYou,9.14933E+17,1,
,,,
#SaferRoadsSaferYou,7.90063E+17,1,
,,,
#SaferRoadsSaferYou,9.4343E+17,1,
,,,
#SaferRoadsSaferYou,9.15449E+17,1,
,,,
#SaferRoadsSaferYou,243835342,1,
,,,
#SaferRoadsSaferYou,1180396916,1,
,,,
#SaferRoadsSaferYou,331574081,7,
,,,
#SaferRoadsSaferYou,7.22101E+17,1,
,,,
#SaferRoadsSaferYou,8.39861E+17,1,
,,,
#SaferRoadsSaferYou,9.48422E+17,1,
,,,
#SaferRoadsSaferYou,1516200650,1,
,,,
#SaferRoadsSaferYou,584465108,1,
,,,
#SaferRoadsSaferYou,8.47027E+17,1,
,,,
#SaferRoadsSaferYou,2793364519,1,
,,,
#SaferRoadsSaferYou,8.23627E+17,1,
,,,
#SaferRoadsSaferYou,7.72797E+17,1,
,,,
#SaferRoadsSaferYou,8.09749E+17,1,
,,,
#SaferRoadsSaferYou,2280409106,1,
,,,
#SaferRoadsSaferYou,4838158309,1,
,,,
#SaferRoadsSaferYou,119664412,1,
,,,
#SaferRoadsSaferYou,9.41355E+17,1,
,,,
#SaferRoadsSaferYou,2479469234,1,
,,,
#SaferRoadsSaferYou,8.31075E+17,1,
,,,
#SaferRoadsSaferYou,759049429,1,
,,,
#SaferRoadsSaferYou,8.2245E+17,1,
,,,
#SaferRoadsSaferYou,9.16685E+17,1,
,,,
#SaferRoadsSaferYou,9.5567E+17,1,
,,,
#SaferRoadsSaferYou,7.92403E+17,1,
,,,
#SaferRoadsSaferYou,2953408806,1,
,,,
#SaferRoadsSaferYou,9.25902E+17,1,
,,,
#SaferRoadsSaferYou,135604496,2,
,,,
#SaferRoadsSaferYou,2307579060,1,
,,,
#SaferRoadsSaferYou,404154908,1,
,,,
#SaferRoadsSaferYou,8.61465E+17,1,
,,,
#SaferRoadsSaferYou,301022795,1,
,,,
#SaferRoadsSaferYou,1625027624,1,
,,,
#SaferRoadsSaferYou,8.9311E+17,1,
,,,
#SaferRoadsSaferYou,2835282120,1,
,,,
#SaferRoadsSaferYou,1588843046,1,
,,,
#SaferRoadsSaferYou,429932297,3,
,,,
#SaferRoadsSaferYou,9.11884E+17,1,
,,,
#SaferRoadsSaferYou,7.05382E+17,1,
,,,
#SaferRoadsSaferYou,73026062,1,
,,,
#SaferRoadsSaferYou,230762105,2,
,,,
#SaferRoadsSaferYou,2434707147,1,
,,,
#SaferRoadsSaferYou,9.20987E+17,1,
,,,
#SaferRoadsSaferYou,9.67125E+17,1,
,,,
#SaferRoadsSaferYou,8.36856E+17,1,
,,,
#SaferRoadsSaferYou,9.73435E+17,2,
,,,
#SaferRoadsSaferYou,829130912,1,
,,,
#SaferRoadsSaferYou,94095624,1,
,,,
#SaferRoadsSaferYou,9.06057E+17,1,
,,,
#SaferRoadsSaferYou,7.8801E+17,1,
,,,
#SaferRoadsSaferYou,7.09323E+17,1,
,,,
#SaferRoadsSaferYou,9.77732E+17,1,
,,,
#SaferRoadsSaferYou,3016630576,1,
,,,
#SaferRoadsSaferYou,9.56203E+17,1,
,,,
#SaferRoadsSaferYou,3060180902,1,
,,,
#SaferRoadsSaferYou,2399984929,1,
,,,
#SaferRoadsSaferYou,1350140240,1,
,,,
#SaferRoadsSaferYou,1724294660,1,
,,,
#SaferRoadsSaferYou,2668680304,1,
,,,
#SaferRoadsSaferYou,2910590753,1,
,,,
#SaferRoadsSaferYou,2942863225,1,
,,,
#SaferRoadsSaferYou,7.51326E+17,1,
,,,
#SaferRoadsSaferYou,487708889,1,
,,,
#SaferRoadsSaferYou,1140119400,1,
,,,
#SaferRoadsSaferYou,3568934893,1,
,,,
#SaferRoadsSaferYou,41567638,1,
,,,
#SaferRoadsSaferYou,9.51737E+17,1,
